C:\Users\sherlock\Apach\xerces-1.2.0-src\xerces-1.2.0\src\org\xml\sax\SAXException.java,69.21,0.16,4.35,4,1.09,3,30,18.66,273.06,0.62,9.1
C:\Users\sherlock\Apach\xerces-1.2.0-src\xerces-1.2.0\src\org\apache\xerces\parsers\DOMParser.java,97.5,0.22,0,0,0,1,1,0,0,0,0
C:\Users\sherlock\Apach\xerces-1.2.0-src\xerces-1.2.0\src\org\apache\xerces\dom\RangeExceptionImpl.java,79.78,0.18,2.75,2,1.37,18,114,40.44,1468.47,0.35,12.88
C:\Users\sherlock\Apach\xerces-1.2.0-src\xerces-1.2.0\src\org\apache\html\dom\HTMLIFrameElementImpl.java,103,0.23,11.74,12,0.98,18,43,31.18,901.5,0.73,20.97
C:\Users\sherlock\Apach\xerces-1.2.0-src\xerces-1.2.0\src\org\apache\xerces\dom\ChildAndParentNode.java,63.76,0.15,3.77,3,1.26,7,114,23.87,1468.47,0.21,12.88
C:\Users\sherlock\Apach\xerces-1.2.0-src\xerces-1.2.0\src\org\apache\xerces\validators\datatype\DatatypeValidator.java,75.45,0.17,9.56,10,0.96,10,19,14.59,144.57,0.77,7.61
C:\Users\sherlock\Apach\xerces-1.2.0-src\xerces-1.2.0\src\org\w3c\dom\events\DocumentEvent.java,68.8,0.16,24.92,27,0.92,23,114,46.28,1468.47,0.41,12.88
C:\Users\sherlock\Apach\xerces-1.2.0-src\xerces-1.2.0\src\org\apache\html\dom\HTMLTitleElementImpl.java,84.02,0.19,2.74,2,1.37,3,7,4.16,15.58,0.59,2.23
C:\Users\sherlock\Apach\xerces-1.2.0-src\xerces-1.2.0\src\org\apache\wml\dom\WMLSmallElementImpl.java,91.49,0.21,35.58,35,1.02,36,36,34.61,1237.09,0.96,34.36
C:\Users\sherlock\Apach\xerces-1.2.0-src\xerces-1.2.0\src\org\apache\html\dom\HTMLButtonElementImpl.java,86.28,0.2,6.75,6,1.12,11,43,27.36,901.5,0.64,20.97
C:\Users\sherlock\Apach\xerces-1.2.0-src\xerces-1.2.0\src\org\apache\xerces\utils\regex\REUtil.java,55.24,0.13,0,0,0,1,1,0,0,0,0
C:\Users\sherlock\Apach\xerces-1.2.0-src\xerces-1.2.0\src\org\apache\xerces\dom\ParentNode.java,63.6,0.14,3.77,3,1.26,7,114,23.61,1468.47,0.21,12.88
C:\Users\sherlock\Apach\xerces-1.2.0-src\xerces-1.2.0\src\javax\xml\parsers\DocumentBuilderFactory.java,77.74,0.18,7.24,7,1.03,17,114,37.97,1468.47,0.33,12.88
C:\Users\sherlock\Apach\xerces-1.2.0-src\xerces-1.2.0\src\org\apache\xerces\utils\regex\RangeToken.java,29.75,0.07,3.77,3,1.26,4,4,2.77,11.25,0.69,2.81
C:\Users\sherlock\Apach\xerces-1.2.0-src\xerces-1.2.0\src\org\apache\xerces\validators\common\CMException.java,45.57,0.1,5.13,5,1.03,5,7,4.78,31.97,0.68,4.57
C:\Users\sherlock\Apach\xerces-1.2.0-src\xerces-1.2.0\src\org\apache\xerces\readers\XMLEntityHandler.java,99.42,0.23,0,0,0,1,1,0,0,0,0
C:\Users\sherlock\Apach\xerces-1.2.0-src\xerces-1.2.0\src\org\apache\xerces\dom\NamedNodeMapImpl.java,86.32,0.2,6.83,7,0.98,6,114,31.91,1468.47,0.28,12.88
C:\Users\sherlock\Apach\xerces-1.2.0-src\xerces-1.2.0\src\org\apache\wml\dom\WMLStrongElementImpl.java,91.48,0.21,35.6,35,1.02,36,36,34.57,1237.09,0.96,34.36
C:\Users\sherlock\Apach\xerces-1.2.0-src\xerces-1.2.0\src\org\apache\xerces\utils\Base64.java,28.85,0.07,1.86,1,1.86,2,3,1.63,3.64,0.54,1.21
C:\Users\sherlock\Apach\xerces-1.2.0-src\xerces-1.2.0\src\org\xml\sax\Attributes.java,104.15,0.24,3.78,3,1.26,3,30,14.35,273.06,0.48,9.1
C:\Users\sherlock\Apach\xerces-1.2.0-src\xerces-1.2.0\src\org\apache\xerces\readers\CharReader.java,25.96,0.06,1.95,1,1.95,2,3,1.7,3.64,0.57,1.21
C:\Users\sherlock\Apach\xerces-1.2.0-src\xerces-1.2.0\src\org\apache\xerces\framework\XMLDocumentHandler.java,88.08,0.2,0,0,0,1,1,0,0,0,0
C:\Users\sherlock\Apach\xerces-1.2.0-src\xerces-1.2.0\src\org\apache\html\dom\HTMLObjectElementImpl.java,100.1,0.23,9.9,10,0.99,19,43,28.15,901.5,0.65,20.97
C:\Users\sherlock\Apach\xerces-1.2.0-src\xerces-1.2.0\src\org\apache\wml\WMLCardElement.java,80.27,0.18,20.59,22,0.94,32,38,29.33,1047.71,0.77,27.57
C:\Users\sherlock\Apach\xerces-1.2.0-src\xerces-1.2.0\src\org\apache\xerces\readers\DefaultReaderFactory.java,43.23,0.1,5.44,5,1.09,4,7,5.23,18.64,0.75,2.66
C:\Users\sherlock\Apach\xerces-1.2.0-src\xerces-1.2.0\src\org\w3c\dom\NamedNodeMap.java,92.14,0.21,23.87,26,0.92,24,114,54.99,1468.47,0.48,12.88
C:\Users\sherlock\Apach\xerces-1.2.0-src\xerces-1.2.0\src\org\apache\xerces\validators\common\XMLElementDecl.java,72.17,0.16,1.96,1,1.96,2,2,0.96,1.92,0.48,0.96
C:\Users\sherlock\Apach\xerces-1.2.0-src\xerces-1.2.0\src\org\apache\html\dom\HTMLOListElementImpl.java,110.64,0.25,29.38,31,0.95,29,43,35.56,901.5,0.83,20.97
C:\Users\sherlock\Apach\xerces-1.2.0-src\xerces-1.2.0\src\org\apache\xerces\validators\schema\XUtil.java,66.93,0.15,6.05,6,1.01,6,114,27.48,1468.47,0.24,12.88
C:\Users\sherlock\Apach\xerces-1.2.0-src\xerces-1.2.0\src\org\apache\xerces\readers\UTF8Recognizer.java,40.85,0.09,2.73,2,1.37,3,7,4.65,18.64,0.66,2.66
C:\Users\sherlock\Apach\xerces-1.2.0-src\xerces-1.2.0\src\org\apache\html\dom\HTMLIsIndexElementImpl.java,107.8,0.25,28.45,29,0.98,29,43,35.34,901.5,0.82,20.97
C:\Users\sherlock\Apach\xerces-1.2.0-src\xerces-1.2.0\src\org\apache\xerces\framework\XMLParser.java,90.26,0.21,5.26,5,1.05,15,30,18.95,273.06,0.63,9.1
C:\Users\sherlock\Apach\xerces-1.2.0-src\xerces-1.2.0\src\org\w3c\dom\html\HTMLBodyElement.java,95.07,0.22,27.67,30,0.92,23,114,45.11,1468.47,0.4,12.88
C:\Users\sherlock\Apach\xerces-1.2.0-src\xerces-1.2.0\src\org\apache\html\dom\HTMLFormControl.java,65.41,0.15,0,0,0,1,1,0,0,0,0
C:\Users\sherlock\Apach\xerces-1.2.0-src\xerces-1.2.0\src\org\apache\xerces\validators\datatype\BooleanDatatypeValidator.java,66.6,0.15,12.95,14,0.93,10,19,14.81,144.57,0.78,7.61
C:\Users\sherlock\Apach\xerces-1.2.0-src\xerces-1.2.0\src\org\apache\xerces\readers\StreamingCharReader.java,39.21,0.09,5.6,5,1.12,5,7,5.38,26.61,0.77,3.8
C:\Users\sherlock\Apach\xerces-1.2.0-src\xerces-1.2.0\src\org\apache\xml\serialize\OutputFormat.java,120.21,0.27,0,0,0,1,1,0,0,0,0
C:\Users\sherlock\Apach\xerces-1.2.0-src\xerces-1.2.0\src\org\w3c\dom\html\HTMLFrameSetElement.java,95.5,0.22,21.76,24,0.91,23,114,43.08,1468.47,0.38,12.88
C:\Users\sherlock\Apach\xerces-1.2.0-src\xerces-1.2.0\src\org\w3c\dom\html\HTMLLIElement.java,106.67,0.24,30.49,34,0.9,23,114,53.85,1468.47,0.47,12.88
C:\Users\sherlock\Apach\xerces-1.2.0-src\xerces-1.2.0\src\org\apache\xerces\validators\dtd\DTDGrammar.java,92.55,0.21,1.8,1,1.8,2,10,5.43,31.24,0.54,3.12
C:\Users\sherlock\Apach\xerces-1.2.0-src\xerces-1.2.0\src\javax\xml\parsers\SAXParser.java,86.37,0.2,6.26,6,1.04,17,114,40.47,1468.47,0.35,12.88
C:\Users\sherlock\Apach\xerces-1.2.0-src\xerces-1.2.0\src\org\apache\wml\WMLOneventElement.java,92.8,0.21,28.03,29,0.97,32,38,32.24,1047.71,0.85,27.57
C:\Users\sherlock\Apach\xerces-1.2.0-src\xerces-1.2.0\src\org\apache\xerces\validators\datatype\IDREFDatatypeValidator.java,61.72,0.14,5.52,5,1.1,10,19,11.34,144.57,0.6,7.61
C:\Users\sherlock\Apach\xerces-1.2.0-src\xerces-1.2.0\src\org\w3c\dom\Element.java,102.32,0.23,21.98,24,0.92,24,114,57.62,1468.47,0.51,12.88
C:\Users\sherlock\Apach\xerces-1.2.0-src\xerces-1.2.0\src\org\apache\xerces\dom\NotationImpl.java,84.73,0.19,0,0,0,1,1,0,0,0,0
C:\Users\sherlock\Apach\xerces-1.2.0-src\xerces-1.2.0\src\org\apache\xml\serialize\TextSerializer.java,90.93,0.21,1.82,1,1.82,3,4,2.32,7.44,0.58,1.86
C:\Users\sherlock\Apach\xerces-1.2.0-src\xerces-1.2.0\src\org\apache\xerces\validators\common\ContentLeafNameTypeVector.java,43.92,0.1,0,0,0,1,1,0,0,0,0
C:\Users\sherlock\Apach\xerces-1.2.0-src\xerces-1.2.0\src\org\apache\wml\dom\WMLBrElementImpl.java,91.47,0.21,35.58,35,1.02,36,36,34.57,1237.09,0.96,34.36
C:\Users\sherlock\Apach\xerces-1.2.0-src\xerces-1.2.0\src\org\w3c\dom\html\HTMLStyleElement.java,99.12,0.23,5.41,5,1.08,22,114,47.93,1468.47,0.42,12.88
C:\Users\sherlock\Apach\xerces-1.2.0-src\xerces-1.2.0\src\org\w3c\dom\html\HTMLBRElement.java,97.39,0.22,29.1,32,0.91,22,114,46.31,1468.47,0.41,12.88
C:\Users\sherlock\Apach\xerces-1.2.0-src\xerces-1.2.0\src\org\apache\html\dom\HTMLLabelElementImpl.java,74.65,0.17,6.47,6,1.08,11,43,24.83,901.5,0.58,20.97
C:\Users\sherlock\Apach\xerces-1.2.0-src\xerces-1.2.0\src\org\apache\html\dom\HTMLUListElementImpl.java,107.75,0.25,26.27,27,0.97,29,43,34.94,901.5,0.81,20.97
C:\Users\sherlock\Apach\xerces-1.2.0-src\xerces-1.2.0\src\org\apache\xerces\validators\datatype\TimeDurationDatatypeValidator.java,73.24,0.17,6.24,6,1.04,9,19,11.18,144.57,0.59,7.61
C:\Users\sherlock\Apach\xerces-1.2.0-src\xerces-1.2.0\src\org\apache\xerces\utils\URI.java,100.58,0.23,0,0,0,1,1,0,0,0,0
C:\Users\sherlock\Apach\xerces-1.2.0-src\xerces-1.2.0\src\org\apache\html\dom\HTMLOptGroupElementImpl.java,106.49,0.24,28.07,29,0.97,29,43,35.45,901.5,0.82,20.97
C:\Users\sherlock\Apach\xerces-1.2.0-src\xerces-1.2.0\src\org\w3c\dom\html\HTMLTitleElement.java,89.57,0.2,0,0,0,1,1,0,0,0,0
C:\Users\sherlock\Apach\xerces-1.2.0-src\xerces-1.2.0\src\org\apache\xerces\validators\datatype\DatatypeValidatorFactoryImpl.java,37.5,0.09,8.79,9,0.98,10,19,13.35,144.57,0.7,7.61
C:\Users\sherlock\Apach\xerces-1.2.0-src\xerces-1.2.0\src\org\w3c\dom\events\EventListener.java,64.49,0.15,22.04,24,0.92,24,114,44.51,1468.47,0.39,12.88
C:\Users\sherlock\Apach\xerces-1.2.0-src\xerces-1.2.0\src\org\apache\wml\WMLBigElement.java,92.82,0.21,32.97,34,0.97,32,38,34.36,1047.71,0.9,27.57
C:\Users\sherlock\Apach\xerces-1.2.0-src\xerces-1.2.0\src\org\apache\xerces\utils\StringHasher.java,76.08,0.17,1.8,1,1.8,4,11,4.72,32.04,0.43,2.91
C:\Users\sherlock\Apach\xerces-1.2.0-src\xerces-1.2.0\src\org\apache\html\dom\HTMLHtmlElementImpl.java,108.11,0.25,27.7,28,0.99,29,43,35.45,901.5,0.82,20.97
C:\Users\sherlock\Apach\xerces-1.2.0-src\xerces-1.2.0\src\org\xml\sax\ext\LexicalHandler.java,91.66,0.21,15.37,16,0.96,15,30,22.81,273.06,0.76,9.1
C:\Users\sherlock\Apach\xerces-1.2.0-src\xerces-1.2.0\src\org\apache\xml\serialize\LineSeparator.java,79.09,0.18,0,0,0,1,1,0,0,0,0
C:\Users\sherlock\Apach\xerces-1.2.0-src\xerces-1.2.0\src\org\xml\sax\helpers\AttributesImpl.java,95.59,0.22,2.8,2,1.4,4,30,12.49,273.06,0.42,9.1
C:\Users\sherlock\Apach\xerces-1.2.0-src\xerces-1.2.0\src\org\xml\sax\helpers\ParserAdapter.java,95.52,0.22,15.15,16,0.95,15,30,23.07,273.06,0.77,9.1
C:\Users\sherlock\Apach\xerces-1.2.0-src\xerces-1.2.0\src\org\w3c\dom\html\HTMLParagraphElement.java,92.99,0.21,17.82,19,0.94,23,114,42.41,1468.47,0.37,12.88
C:\Users\sherlock\Apach\xerces-1.2.0-src\xerces-1.2.0\src\org\apache\wml\WMLMetaElement.java,115.85,0.26,11.13,12,0.93,29,38,29.21,1047.71,0.77,27.57
C:\Users\sherlock\Apach\xerces-1.2.0-src\xerces-1.2.0\src\org\apache\xerces\dom\AttrImpl.java,111.4,0.25,3.56,3,1.19,4,114,40.22,1468.47,0.35,12.88
C:\Users\sherlock\Apach\xerces-1.2.0-src\xerces-1.2.0\src\org\w3c\dom\CharacterData.java,78.53,0.18,23.62,26,0.91,23,114,47.53,1468.47,0.42,12.88
C:\Users\sherlock\Apach\xerces-1.2.0-src\xerces-1.2.0\src\org\apache\wml\WMLStrongElement.java,91.38,0.21,33,34,0.97,32,38,34.36,1047.71,0.9,27.57
C:\Users\sherlock\Apach\xerces-1.2.0-src\xerces-1.2.0\src\org\apache\xerces\validators\common\Grammar.java,45.25,0.1,4.56,4,1.14,4,10,6.95,31.24,0.7,3.12
C:\Users\sherlock\Apach\xerces-1.2.0-src\xerces-1.2.0\src\org\w3c\dom\events\Event.java,69.14,0.16,5.69,5,1.14,25,114,41.85,1468.47,0.37,12.88
C:\Users\sherlock\Apach\xerces-1.2.0-src\xerces-1.2.0\src\org\apache\xerces\validators\datatype\XMLException.java,42.78,0.1,2.69,2,1.34,3,3,1.68,5.27,0.56,1.76
C:\Users\sherlock\Apach\xerces-1.2.0-src\xerces-1.2.0\src\org\apache\xml\serialize\SerializerFactoryImpl.java,35.61,0.08,4.69,4,1.17,5,5,3.68,17.88,0.74,3.58
C:\Users\sherlock\Apach\xerces-1.2.0-src\xerces-1.2.0\src\org\apache\wml\dom\WMLOptionElementImpl.java,84.31,0.19,35.49,35,1.01,36,36,34.59,1237.09,0.96,34.36
C:\Users\sherlock\Apach\xerces-1.2.0-src\xerces-1.2.0\src\org\apache\xerces\validators\datatype\InvalidDatatypeValueException.java,66.54,0.15,2.76,2,1.38,3,3,1.77,5.27,0.59,1.76
C:\Users\sherlock\Apach\xerces-1.2.0-src\xerces-1.2.0\src\org\apache\wml\WMLPrevElement.java,84.2,0.19,27.66,29,0.95,32,38,31.6,1047.71,0.83,27.57
C:\Users\sherlock\Apach\xerces-1.2.0-src\xerces-1.2.0\src\org\w3c\dom\html\HTMLUListElement.java,85.1,0.19,17.67,19,0.93,22,114,41.76,1468.47,0.37,12.88
C:\Users\sherlock\Apach\xerces-1.2.0-src\xerces-1.2.0\src\org\apache\html\dom\HTMLDListElementImpl.java,98.53,0.22,25.12,26,0.97,29,43,33.45,901.5,0.78,20.97
C:\Users\sherlock\Apach\xerces-1.2.0-src\xerces-1.2.0\src\org\apache\xerces\dom\DocumentTypeImpl.java,106.37,0.24,1.86,1,1.86,2,16,7.86,108.55,0.49,6.78
C:\Users\sherlock\Apach\xerces-1.2.0-src\xerces-1.2.0\src\org\w3c\dom\html\HTMLCollection.java,94.32,0.21,24.09,26,0.93,24,114,55.85,1468.47,0.49,12.88
C:\Users\sherlock\Apach\xerces-1.2.0-src\xerces-1.2.0\src\org\apache\xerces\dom\TreeWalkerImpl.java,45.26,0.1,5.47,5,1.09,7,114,21.89,1468.47,0.19,12.88
C:\Users\sherlock\Apach\xerces-1.2.0-src\xerces-1.2.0\src\org\apache\wml\dom\WMLOptgroupElementImpl.java,88.29,0.2,35.64,35,1.02,36,36,34.73,1237.09,0.96,34.36
C:\Users\sherlock\Apach\xerces-1.2.0-src\xerces-1.2.0\src\org\apache\xml\serialize\Method.java,97.72,0.22,4.34,4,1.08,5,5,3.35,17.88,0.67,3.58
C:\Users\sherlock\Apach\xerces-1.2.0-src\xerces-1.2.0\src\org\apache\wml\WMLSetvarElement.java,98.71,0.22,28.82,30,0.96,32,38,32.48,1047.71,0.85,27.57
C:\Users\sherlock\Apach\xerces-1.2.0-src\xerces-1.2.0\src\org\apache\html\dom\HTMLFieldSetElementImpl.java,100.22,0.23,25.47,26,0.98,29,43,33.56,901.5,0.78,20.97
C:\Users\sherlock\Apach\xerces-1.2.0-src\xerces-1.2.0\src\org\apache\xerces\dom\EntityReferenceImpl.java,79.6,0.18,2.7,2,1.35,2,16,6.42,108.55,0.4,6.78
C:\Users\sherlock\Apach\xerces-1.2.0-src\xerces-1.2.0\src\org\apache\xerces\dom\ElementImpl.java,110.59,0.25,4.33,4,1.08,7,114,37.34,1468.47,0.33,12.88
C:\Users\sherlock\Apach\xerces-1.2.0-src\xerces-1.2.0\src\org\w3c\dom\html\HTMLAnchorElement.java,106.71,0.24,26.06,29,0.9,23,114,50.71,1468.47,0.44,12.88
C:\Users\sherlock\Apach\xerces-1.2.0-src\xerces-1.2.0\src\org\apache\xerces\dom\TextImpl.java,84.11,0.19,1.82,1,1.82,2,2,0.83,1.66,0.41,0.83
C:\Users\sherlock\Apach\xerces-1.2.0-src\xerces-1.2.0\src\org\apache\xerces\validators\schema\SchemaGrammar.java,30.92,0.07,6.29,6,1.05,4,10,7.14,31.24,0.71,3.12
C:\Users\sherlock\Apach\xerces-1.2.0-src\xerces-1.2.0\src\org\xml\sax\helpers\XMLFilterImpl.java,85.02,0.19,16.29,17,0.96,15,30,23.07,273.06,0.77,9.1
C:\Users\sherlock\Apach\xerces-1.2.0-src\xerces-1.2.0\src\org\apache\xerces\utils\XMLMessages.java,88.35,0.2,0,0,0,1,1,0,0,0,0
C:\Users\sherlock\Apach\xerces-1.2.0-src\xerces-1.2.0\src\org\apache\wml\dom\WMLTimerElementImpl.java,89.54,0.2,35.63,35,1.02,36,36,34.63,1237.09,0.96,34.36
C:\Users\sherlock\Apach\xerces-1.2.0-src\xerces-1.2.0\src\org\xml\sax\helpers\DefaultHandler.java,79.59,0.18,14.51,15,0.97,15,30,22.46,273.06,0.75,9.1
C:\Users\sherlock\Apach\xerces-1.2.0-src\xerces-1.2.0\src\org\w3c\dom\html\HTMLTableSectionElement.java,87.51,0.2,2.9,2,1.45,3,3,1.9,5.76,0.63,1.92
C:\Users\sherlock\Apach\xerces-1.2.0-src\xerces-1.2.0\src\org\apache\xerces\dom\ChildNode.java,73.16,0.17,6.19,6,1.03,7,114,25.78,1468.47,0.23,12.88
C:\Users\sherlock\Apach\xerces-1.2.0-src\xerces-1.2.0\src\org\apache\html\dom\HTMLAnchorElementImpl.java,93.46,0.21,7.34,7,1.05,9,43,28.01,901.5,0.65,20.97
C:\Users\sherlock\Apach\xerces-1.2.0-src\xerces-1.2.0\src\org\apache\wml\dom\WMLDocumentImpl.java,114.4,0.26,0,0,0,1,1,0,0,0,0
C:\Users\sherlock\Apach\xerces-1.2.0-src\xerces-1.2.0\src\org\apache\xerces\utils\UTF8DataChunk.java,38.77,0.09,0,0,0,1,1,0,0,0,0
C:\Users\sherlock\Apach\xerces-1.2.0-src\xerces-1.2.0\src\org\apache\wml\WMLDocument.java,90.14,0.21,27.58,29,0.95,32,38,31.48,1047.71,0.83,27.57
C:\Users\sherlock\Apach\xerces-1.2.0-src\xerces-1.2.0\src\org\apache\html\dom\HTMLDirectoryElementImpl.java,98.62,0.22,25.13,26,0.97,29,43,33.48,901.5,0.78,20.97
C:\Users\sherlock\Apach\xerces-1.2.0-src\xerces-1.2.0\src\org\w3c\dom\range\RangeException.java,73.55,0.17,20.42,23,0.89,23,114,46.69,1468.47,0.41,12.88
C:\Users\sherlock\Apach\xerces-1.2.0-src\xerces-1.2.0\src\org\w3c\dom\html\HTMLHeadElement.java,97.66,0.22,22.51,25,0.9,23,114,43.72,1468.47,0.38,12.88
C:\Users\sherlock\Apach\xerces-1.2.0-src\xerces-1.2.0\src\org\w3c\dom\DOMException.java,71.08,0.16,2.79,2,1.4,2,114,32.39,1468.47,0.28,12.88
C:\Users\sherlock\Apach\xerces-1.2.0-src\xerces-1.2.0\src\org\apache\html\dom\HTMLDocumentImpl.java,109.44,0.25,0,0,0,1,1,0,0,0,0
C:\Users\sherlock\Apach\xerces-1.2.0-src\xerces-1.2.0\src\org\apache\xerces\framework\XMLErrorReporter.java,59.48,0.14,0,0,0,1,1,0,0,0,0
C:\Users\sherlock\Apach\xerces-1.2.0-src\xerces-1.2.0\src\org\apache\xerces\validators\schema\SchemaSymbols.java,101.7,0.23,0,0,0,1,1,0,0,0,0
C:\Users\sherlock\Apach\xerces-1.2.0-src\xerces-1.2.0\src\org\w3c\dom\html\HTMLFontElement.java,80.32,0.18,9.61,10,0.96,24,114,38.82,1468.47,0.34,12.88
C:\Users\sherlock\Apach\xerces-1.2.0-src\xerces-1.2.0\src\org\apache\wml\WMLTemplateElement.java,104.61,0.24,28.73,30,0.96,32,38,32.54,1047.71,0.86,27.57
C:\Users\sherlock\Apach\xerces-1.2.0-src\xerces-1.2.0\src\org\w3c\dom\events\EventTarget.java,65.72,0.15,20.09,22,0.91,24,114,44.27,1468.47,0.39,12.88
C:\Users\sherlock\Apach\xerces-1.2.0-src\xerces-1.2.0\src\org\w3c\dom\html\HTMLTableRowElement.java,97.98,0.22,2.94,2,1.47,3,3,1.94,5.76,0.65,1.92
C:\Users\sherlock\Apach\xerces-1.2.0-src\xerces-1.2.0\src\org\apache\xerces\validators\schema\SchemaMessageProvider.java,57.62,0.13,4.72,4,1.18,5,5,3.73,18.4,0.75,3.68
C:\Users\sherlock\Apach\xerces-1.2.0-src\xerces-1.2.0\src\org\w3c\dom\NodeList.java,77.5,0.18,22.82,25,0.91,24,114,47.49,1468.47,0.42,12.88
C:\Users\sherlock\Apach\xerces-1.2.0-src\xerces-1.2.0\src\org\apache\xml\serialize\Printer.java,67.36,0.15,0,0,0,1,1,0,0,0,0
C:\Users\sherlock\Apach\xerces-1.2.0-src\xerces-1.2.0\src\org\apache\xerces\msg\DatatypeMessages.java,27.61,0.06,3.96,3,1.32,4,4,2.96,11.78,0.74,2.94
C:\Users\sherlock\Apach\xerces-1.2.0-src\xerces-1.2.0\src\org\apache\xerces\readers\MIME2Java.java,54.03,0.12,0,0,0,1,1,0,0,0,0
C:\Users\sherlock\Apach\xerces-1.2.0-src\xerces-1.2.0\src\org\xml\sax\helpers\LocatorImpl.java,62.8,0.14,2.71,2,1.35,5,30,14.87,273.06,0.5,9.1
C:\Users\sherlock\Apach\xerces-1.2.0-src\xerces-1.2.0\src\org\w3c\dom\html\HTMLMetaElement.java,101.23,0.23,16.37,18,0.91,23,114,42.56,1468.47,0.37,12.88
C:\Users\sherlock\Apach\xerces-1.2.0-src\xerces-1.2.0\src\org\apache\wml\WMLIElement.java,91.23,0.21,33.02,34,0.97,32,38,34.4,1047.71,0.91,27.57
C:\Users\sherlock\Apach\xerces-1.2.0-src\xerces-1.2.0\src\org\apache\html\dom\HTMLParagraphElementImpl.java,105.86,0.24,26.37,27,0.98,29,43,34.74,901.5,0.81,20.97
C:\Users\sherlock\Apach\xerces-1.2.0-src\xerces-1.2.0\src\org\w3c\dom\range\DocumentRange.java,96.13,0.22,14.37,16,0.9,25,114,47.37,1468.47,0.42,12.88
C:\Users\sherlock\Apach\xerces-1.2.0-src\xerces-1.2.0\src\javax\xml\parsers\ParserConfigurationException.java,69.08,0.16,3.73,3,1.24,18,114,25.2,1468.47,0.22,12.88
C:\Users\sherlock\Apach\xerces-1.2.0-src\xerces-1.2.0\src\org\xml\sax\XMLReader.java,88.38,0.2,17.09,18,0.95,15,30,23.13,273.06,0.77,9.1
C:\Users\sherlock\Apach\xerces-1.2.0-src\xerces-1.2.0\src\org\xml\sax\helpers\XMLReaderFactory.java,80.85,0.18,15.93,17,0.94,15,30,22.59,273.06,0.75,9.1
C:\Users\sherlock\Apach\xerces-1.2.0-src\xerces-1.2.0\src\org\apache\xerces\utils\QName.java,45.17,0.1,1.88,1,1.88,2,2,0.89,1.77,0.45,0.89
C:\Users\sherlock\Apach\xerces-1.2.0-src\xerces-1.2.0\src\org\apache\xerces\utils\regex\RegularExpression.java,55.2,0.13,0,0,0,1,1,0,0,0,0
C:\Users\sherlock\Apach\xerces-1.2.0-src\xerces-1.2.0\src\org\apache\xerces\domx\DOMException.java,82.12,0.19,2.72,2,1.36,18,114,37.1,1468.47,0.33,12.88
C:\Users\sherlock\Apach\xerces-1.2.0-src\xerces-1.2.0\src\org\apache\xerces\validators\datatype\DatatypeValidatorFactory.java,49.92,0.11,6.12,6,1.02,11,19,12.28,144.57,0.65,7.61
C:\Users\sherlock\Apach\xerces-1.2.0-src\xerces-1.2.0\src\org\apache\wml\WMLSmallElement.java,90.38,0.21,32.95,34,0.97,32,38,34.3,1047.71,0.9,27.57
C:\Users\sherlock\Apach\xerces-1.2.0-src\xerces-1.2.0\src\org\apache\xerces\dom\AttrNSImpl.java,75.43,0.17,2,1,2,2,2,1,2,0.5,1
C:\Users\sherlock\Apach\xerces-1.2.0-src\xerces-1.2.0\src\org\apache\html\dom\HTMLAreaElementImpl.java,87.04,0.2,6.75,6,1.12,12,43,27.69,901.5,0.64,20.97
C:\Users\sherlock\Apach\xerces-1.2.0-src\xerces-1.2.0\src\org\apache\xerces\validators\common\CMAny.java,44.29,0.1,6.48,6,1.08,6,7,5.5,31.97,0.79,4.57
C:\Users\sherlock\Apach\xerces-1.2.0-src\xerces-1.2.0\src\org\apache\wml\dom\WMLRefreshElementImpl.java,95.85,0.22,35.04,35,1,36,36,34.04,1237.09,0.95,34.36
C:\Users\sherlock\Apach\xerces-1.2.0-src\xerces-1.2.0\src\org\apache\xerces\framework\XMLAttrList.java,63.03,0.14,5.34,5,1.07,5,10,6.93,31.24,0.69,3.12
C:\Users\sherlock\Apach\xerces-1.2.0-src\xerces-1.2.0\src\org\apache\xerces\dom\DeferredElementNSImpl.java,60.22,0.14,10.18,10,1.02,11,16,11.33,108.55,0.71,6.78
C:\Users\sherlock\Apach\xerces-1.2.0-src\xerces-1.2.0\src\org\apache\xerces\jaxp\SAXParserFactoryImpl.java,71.09,0.16,5.59,5,1.12,18,114,34.65,1468.47,0.3,12.88
C:\Users\sherlock\Apach\xerces-1.2.0-src\xerces-1.2.0\src\org\apache\html\dom\HTMLDivElementImpl.java,105.7,0.24,26.4,27,0.98,29,43,34.93,901.5,0.81,20.97
C:\Users\sherlock\Apach\xerces-1.2.0-src\xerces-1.2.0\src\org\apache\xerces\dom\AttributeMap.java,86.03,0.2,5.22,5,1.04,7,114,29.74,1468.47,0.26,12.88
C:\Users\sherlock\Apach\xerces-1.2.0-src\xerces-1.2.0\src\javax\xml\parsers\DocumentBuilder.java,86.11,0.2,11.96,13,0.92,24,114,44.81,1468.47,0.39,12.88
C:\Users\sherlock\Apach\xerces-1.2.0-src\xerces-1.2.0\src\org\w3c\dom\html\HTMLFrameElement.java,87.23,0.2,8.6,9,0.96,18,114,41.92,1468.47,0.37,12.88
C:\Users\sherlock\Apach\xerces-1.2.0-src\xerces-1.2.0\src\org\apache\xerces\utils\regex\Match.java,89.58,0.2,0,0,0,1,1,0,0,0,0
C:\Users\sherlock\Apach\xerces-1.2.0-src\xerces-1.2.0\src\org\w3c\dom\html\HTMLQuoteElement.java,103.54,0.24,1.85,1,1.85,13,114,57.42,1468.47,0.5,12.88
C:\Users\sherlock\Apach\xerces-1.2.0-src\xerces-1.2.0\src\org\w3c\dom\html\HTMLLinkElement.java,104.48,0.24,13.85,15,0.92,24,114,49.49,1468.47,0.43,12.88
C:\Users\sherlock\Apach\xerces-1.2.0-src\xerces-1.2.0\src\org\apache\xerces\dom\events\MutationEventImpl.java,101.72,0.23,3.51,3,1.17,2,114,32.33,1468.47,0.28,12.88
C:\Users\sherlock\Apach\xerces-1.2.0-src\xerces-1.2.0\src\org\apache\wml\dom\WMLBElementImpl.java,91.49,0.21,35.59,35,1.02,36,36,34.58,1237.09,0.96,34.36
C:\Users\sherlock\Apach\xerces-1.2.0-src\xerces-1.2.0\src\org\apache\xerces\validators\common\CMStateSet.java,52.3,0.12,0,0,0,1,1,0,0,0,0
C:\Users\sherlock\Apach\xerces-1.2.0-src\xerces-1.2.0\src\org\apache\xerces\validators\datatype\RecurringDurationDatatypeValidator.java,63.06,0.14,8.38,8,1.05,8,19,12.43,144.57,0.65,7.61
C:\Users\sherlock\Apach\xerces-1.2.0-src\xerces-1.2.0\src\org\xml\sax\SAXNotSupportedException.java,68.73,0.16,4.49,4,1.12,11,30,18.88,273.06,0.63,9.1
C:\Users\sherlock\Apach\xerces-1.2.0-src\xerces-1.2.0\src\org\w3c\dom\html\HTMLObjectElement.java,114.16,0.26,24.38,27,0.9,22,114,59.15,1468.47,0.52,12.88
C:\Users\sherlock\Apach\xerces-1.2.0-src\xerces-1.2.0\src\org\w3c\dom\html\HTMLDocument.java,97.54,0.22,24.34,26,0.94,24,114,55.02,1468.47,0.48,12.88
C:\Users\sherlock\Apach\xerces-1.2.0-src\xerces-1.2.0\src\org\apache\wml\dom\WMLDoElementImpl.java,83.24,0.19,35.37,35,1.01,36,36,34.38,1237.09,0.96,34.36
C:\Users\sherlock\Apach\xerces-1.2.0-src\xerces-1.2.0\src\org\apache\xerces\readers\UTF8Reader.java,30.39,0.07,4.34,4,1.08,6,7,4.64,26.61,0.66,3.8
C:\Users\sherlock\Apach\xerces-1.2.0-src\xerces-1.2.0\src\org\apache\html\dom\HTMLAppletElementImpl.java,106.57,0.24,10.93,11,0.99,19,43,30.28,901.5,0.7,20.97
C:\Users\sherlock\Apach\xerces-1.2.0-src\xerces-1.2.0\src\org\apache\xerces\validators\datatype\QNameDatatypeValidator.java,45.73,0.1,10.29,10,1.03,9,19,12.97,144.57,0.68,7.61
C:\Users\sherlock\Apach\xerces-1.2.0-src\xerces-1.2.0\src\org\apache\xerces\dom\events\EventImpl.java,68.78,0.16,0,0,0,1,1,0,0,0,0
C:\Users\sherlock\Apach\xerces-1.2.0-src\xerces-1.2.0\src\org\w3c\dom\html\HTMLModElement.java,89.48,0.2,2.67,2,1.33,17,114,38.44,1468.47,0.34,12.88
C:\Users\sherlock\Apach\xerces-1.2.0-src\xerces-1.2.0\src\org\apache\xerces\dom\DOMImplementationImpl.java,95.09,0.22,1.82,1,1.82,2,2,0.82,1.65,0.41,0.82
C:\Users\sherlock\Apach\xerces-1.2.0-src\xerces-1.2.0\src\org\apache\xerces\validators\datatype\AbstractDatatypeValidator.java,66.79,0.15,8.27,8,1.03,11,19,12.9,144.57,0.68,7.61
C:\Users\sherlock\Apach\xerces-1.2.0-src\xerces-1.2.0\src\org\apache\xerces\utils\regex\Op.java,39.88,0.09,0,0,0,1,1,0,0,0,0
C:\Users\sherlock\Apach\xerces-1.2.0-src\xerces-1.2.0\src\org\w3c\dom\traversal\DocumentTraversal.java,80.69,0.18,4.66,4,1.17,10,114,41.65,1468.47,0.37,12.88
C:\Users\sherlock\Apach\xerces-1.2.0-src\xerces-1.2.0\src\org\xml\sax\InputSource.java,91.48,0.21,3.54,3,1.18,6,30,18.52,273.06,0.62,9.1
C:\Users\sherlock\Apach\xerces-1.2.0-src\xerces-1.2.0\src\org\apache\xerces\readers\DefaultEntityHandler.java,59.57,0.14,3.42,3,1.14,4,10,6.68,31.24,0.67,3.12
C:\Users\sherlock\Apach\xerces-1.2.0-src\xerces-1.2.0\src\org\w3c\dom\DOMImplementation.java,99.43,0.23,25.47,28,0.91,24,114,52.49,1468.47,0.46,12.88
C:\Users\sherlock\Apach\xerces-1.2.0-src\xerces-1.2.0\src\org\apache\wml\dom\WMLFieldsetElementImpl.java,88.35,0.2,35.66,35,1.02,36,36,34.73,1237.09,0.96,34.36
C:\Users\sherlock\Apach\xerces-1.2.0-src\xerces-1.2.0\src\org\apache\xerces\validators\common\GrammarResolverImpl.java,44.4,0.1,1.98,1,1.98,2,2,0.98,1.95,0.49,0.97
C:\Users\sherlock\Apach\xerces-1.2.0-src\xerces-1.2.0\src\org\xml\sax\HandlerBase.java,82.37,0.19,14.37,15,0.96,15,30,22.32,273.06,0.74,9.1
C:\Users\sherlock\Apach\xerces-1.2.0-src\xerces-1.2.0\src\org\apache\xerces\dom\DeepNodeListImpl.java,84.07,0.19,1.81,1,1.81,1,1,0,0,0,0
C:\Users\sherlock\Apach\xerces-1.2.0-src\xerces-1.2.0\src\org\apache\html\dom\HTMLDOMImplementationImpl.java,84.59,0.19,0,0,0,1,1,0,0,0,0
C:\Users\sherlock\Apach\xerces-1.2.0-src\xerces-1.2.0\src\org\w3c\dom\html\HTMLBaseFontElement.java,81.7,0.19,10.49,11,0.95,24,114,39.2,1468.47,0.34,12.88
C:\Users\sherlock\Apach\xerces-1.2.0-src\xerces-1.2.0\src\org\apache\xerces\utils\HexBin.java,81.49,0.19,0,0,0,1,1,0,0,0,0
C:\Users\sherlock\Apach\xerces-1.2.0-src\xerces-1.2.0\src\org\apache\xerces\readers\XCatalog.java,99.52,0.23,1.91,1,1.91,2,32,15.5,275.66,0.48,8.61
C:\Users\sherlock\Apach\xerces-1.2.0-src\xerces-1.2.0\src\org\apache\wml\WMLTrElement.java,87.08,0.2,31.12,32,0.97,32,38,33.6,1047.71,0.88,27.57
C:\Users\sherlock\Apach\xerces-1.2.0-src\xerces-1.2.0\src\org\w3c\dom\html\HTMLDivElement.java,88.44,0.2,16.11,17,0.95,24,114,41.97,1468.47,0.37,12.88
C:\Users\sherlock\Apach\xerces-1.2.0-src\xerces-1.2.0\src\org\apache\html\dom\HTMLCollectionImpl.java,112.76,0.26,0,0,0,1,1,0,0,0,0
C:\Users\sherlock\Apach\xerces-1.2.0-src\xerces-1.2.0\src\org\apache\xerces\framework\XMLDocumentScanner.java,52.77,0.12,1.98,1,1.98,2,2,0.98,1.96,0.49,0.98
C:\Users\sherlock\Apach\xerces-1.2.0-src\xerces-1.2.0\src\org\apache\xerces\dom\DeferredNode.java,76.85,0.18,6.92,7,0.99,6,114,28.94,1468.47,0.25,12.88
C:\Users\sherlock\Apach\xerces-1.2.0-src\xerces-1.2.0\src\org\apache\html\dom\HTMLBaseElementImpl.java,113.02,0.26,29.81,31,0.96,29,43,35.88,901.5,0.83,20.97
C:\Users\sherlock\Apach\xerces-1.2.0-src\xerces-1.2.0\src\org\w3c\dom\EntityReference.java,76.14,0.17,18.9,21,0.9,24,114,46.84,1468.47,0.41,12.88
C:\Users\sherlock\Apach\xerces-1.2.0-src\xerces-1.2.0\src\org\apache\wml\WMLTableElement.java,87.87,0.2,23.93,25,0.96,33,38,31.54,1047.71,0.83,27.57
C:\Users\sherlock\Apach\xerces-1.2.0-src\xerces-1.2.0\src\org\apache\wml\dom\WMLAccessElementImpl.java,88.52,0.2,35.65,35,1.02,36,36,34.72,1237.09,0.96,34.36
C:\Users\sherlock\Apach\xerces-1.2.0-src\xerces-1.2.0\src\org\apache\xerces\dom\DeferredDocumentImpl.java,62.53,0.14,4.39,4,1.1,5,10,6.66,31.24,0.67,3.12
C:\Users\sherlock\Apach\xerces-1.2.0-src\xerces-1.2.0\src\org\apache\html\dom\HTMLBRElementImpl.java,107.73,0.25,28.5,29,0.98,29,43,35.44,901.5,0.82,20.97
C:\Users\sherlock\Apach\xerces-1.2.0-src\xerces-1.2.0\src\org\w3c\dom\html\HTMLSelectElement.java,95.38,0.22,18.78,21,0.89,24,114,57.56,1468.47,0.5,12.88
C:\Users\sherlock\Apach\xerces-1.2.0-src\xerces-1.2.0\src\org\apache\wml\dom\WMLIElementImpl.java,91.51,0.21,35.59,35,1.02,36,36,34.58,1237.09,0.96,34.36
C:\Users\sherlock\Apach\xerces-1.2.0-src\xerces-1.2.0\src\org\apache\wml\dom\WMLPElementImpl.java,86.46,0.2,35.58,35,1.02,36,36,34.6,1237.09,0.96,34.36
C:\Users\sherlock\Apach\xerces-1.2.0-src\xerces-1.2.0\src\org\apache\xml\serialize\XHTMLSerializer.java,35.02,0.08,4.62,4,1.16,5,5,3.63,17.88,0.73,3.58
C:\Users\sherlock\Apach\xerces-1.2.0-src\xerces-1.2.0\src\org\apache\xerces\utils\Hash2intTable.java,39.3,0.09,0,0,0,1,1,0,0,0,0
C:\Users\sherlock\Apach\xerces-1.2.0-src\xerces-1.2.0\src\org\apache\xerces\framework\XMLDTDScanner.java,53.81,0.12,1.98,1,1.98,2,2,0.98,1.96,0.49,0.98
C:\Users\sherlock\Apach\xerces-1.2.0-src\xerces-1.2.0\src\org\w3c\dom\html\HTMLIFrameElement.java,91.72,0.21,17.28,19,0.91,24,114,43.52,1468.47,0.38,12.88
C:\Users\sherlock\Apach\xerces-1.2.0-src\xerces-1.2.0\src\org\apache\xerces\readers\XMLDeclRecognizer.java,69.36,0.16,3.68,3,1.23,4,7,4.93,18.64,0.7,2.66
C:\Users\sherlock\Apach\xerces-1.2.0-src\xerces-1.2.0\src\org\apache\wml\dom\WMLBigElementImpl.java,91.58,0.21,35.59,35,1.02,36,36,34.57,1237.09,0.96,34.36
C:\Users\sherlock\Apach\xerces-1.2.0-src\xerces-1.2.0\src\org\w3c\dom\html\HTMLMapElement.java,109.09,0.25,9.36,10,0.94,18,114,55.44,1468.47,0.49,12.88
C:\Users\sherlock\Apach\xerces-1.2.0-src\xerces-1.2.0\src\org\w3c\dom\Attr.java,92.27,0.21,24.23,26,0.93,24,114,56.38,1468.47,0.49,12.88
C:\Users\sherlock\Apach\xerces-1.2.0-src\xerces-1.2.0\src\org\xml\sax\helpers\AttributeListImpl.java,97.68,0.22,3.66,3,1.22,15,30,18.85,273.06,0.63,9.1
C:\Users\sherlock\Apach\xerces-1.2.0-src\xerces-1.2.0\src\org\apache\xerces\dom\DeferredElementDefinitionImpl.java,55.3,0.13,10.21,10,1.02,11,16,11.59,108.55,0.72,6.78
C:\Users\sherlock\Apach\xerces-1.2.0-src\xerces-1.2.0\src\org\apache\wml\dom\WMLTdElementImpl.java,91.52,0.21,35.57,35,1.02,36,36,34.58,1237.09,0.96,34.36
C:\Users\sherlock\Apach\xerces-1.2.0-src\xerces-1.2.0\src\org\apache\xml\serialize\Encodings.java,97.47,0.22,0,0,0,1,1,0,0,0,0
C:\Users\sherlock\Apach\xerces-1.2.0-src\xerces-1.2.0\src\org\apache\xerces\utils\NamespacesScope.java,50.58,0.12,0,0,0,1,1,0,0,0,0
C:\Users\sherlock\Apach\xerces-1.2.0-src\xerces-1.2.0\src\org\apache\xerces\validators\datatype\StringDatatypeValidator.java,43.44,0.1,10.29,10,1.03,9,19,13.03,144.57,0.69,7.61
C:\Users\sherlock\Apach\xerces-1.2.0-src\xerces-1.2.0\src\org\w3c\dom\html\HTMLFormElement.java,96.88,0.22,6.12,6,1.02,12,114,43.71,1468.47,0.38,12.88
C:\Users\sherlock\Apach\xerces-1.2.0-src\xerces-1.2.0\src\org\apache\wml\WMLNoopElement.java,84.11,0.19,27.66,29,0.95,33,38,31.58,1047.71,0.83,27.57
C:\Users\sherlock\Apach\xerces-1.2.0-src\xerces-1.2.0\src\org\apache\xerces\dom\RangeImpl.java,59.47,0.14,7.92,8,0.99,5,114,25.54,1468.47,0.22,12.88
C:\Users\sherlock\Apach\xerces-1.2.0-src\xerces-1.2.0\src\org\xml\sax\SAXNotRecognizedException.java,66.87,0.15,3.69,3,1.23,11,30,18.74,273.06,0.62,9.1
C:\Users\sherlock\Apach\xerces-1.2.0-src\xerces-1.2.0\src\org\apache\xerces\dom\DeferredAttrNSImpl.java,65.81,0.15,9.96,10,1,11,16,11.19,108.55,0.7,6.78
C:\Users\sherlock\Apach\xerces-1.2.0-src\xerces-1.2.0\src\org\apache\xerces\framework\XMLContentSpec.java,74.18,0.17,3.47,3,1.16,6,7,4.68,31.97,0.67,4.57
C:\Users\sherlock\Apach\xerces-1.2.0-src\xerces-1.2.0\src\org\apache\xerces\msg\ImplementationMessages.java,36.69,0.08,3.95,3,1.32,4,4,2.95,11.78,0.74,2.94
C:\Users\sherlock\Apach\xerces-1.2.0-src\xerces-1.2.0\src\org\w3c\dom\html\HTMLHeadingElement.java,104.55,0.24,11.17,12,0.93,22,114,58.99,1468.47,0.52,12.88
C:\Users\sherlock\Apach\xerces-1.2.0-src\xerces-1.2.0\src\org\apache\xerces\jaxp\SAXParserImpl.java,70.86,0.16,4.7,4,1.18,4,114,33.09,1468.47,0.29,12.88
C:\Users\sherlock\Apach\xerces-1.2.0-src\xerces-1.2.0\src\javax\xml\parsers\SAXParserFactory.java,78.72,0.18,8.08,8,1.01,18,114,36.38,1468.47,0.32,12.88
C:\Users\sherlock\Apach\xerces-1.2.0-src\xerces-1.2.0\src\org\apache\xerces\utils\regex\ParseException.java,71.6,0.16,0,0,0,1,1,0,0,0,0
C:\Users\sherlock\Apach\xerces-1.2.0-src\xerces-1.2.0\src\org\apache\xml\serialize\ElementState.java,98.51,0.22,0,0,0,1,1,0,0,0,0
C:\Users\sherlock\Apach\xerces-1.2.0-src\xerces-1.2.0\src\org\apache\xerces\validators\datatype\DatatypeMessageProvider.java,39.52,0.09,4.78,4,1.19,5,5,3.79,18.4,0.76,3.68
C:\Users\sherlock\Apach\xerces-1.2.0-src\xerces-1.2.0\src\org\w3c\dom\html\HTMLImageElement.java,93.96,0.21,23.93,26,0.92,23,114,43.6,1468.47,0.38,12.88
C:\Users\sherlock\Apach\xerces-1.2.0-src\xerces-1.2.0\src\org\apache\wml\dom\WMLSetvarElementImpl.java,89.63,0.2,35.63,35,1.02,36,36,34.63,1237.09,0.96,34.36
C:\Users\sherlock\Apach\xerces-1.2.0-src\xerces-1.2.0\src\org\apache\wml\WMLAnchorElement.java,97.91,0.22,33.22,34,0.98,32,38,34.5,1047.71,0.91,27.57
C:\Users\sherlock\Apach\xerces-1.2.0-src\xerces-1.2.0\src\org\apache\xerces\validators\common\SimpleContentModel.java,54.81,0.12,4.59,4,1.15,5,5,3.58,16.03,0.72,3.21
C:\Users\sherlock\Apach\xerces-1.2.0-src\xerces-1.2.0\src\org\apache\wml\dom\WMLWmlElementImpl.java,91.52,0.21,35.57,35,1.02,36,36,34.58,1237.09,0.96,34.36
C:\Users\sherlock\Apach\xerces-1.2.0-src\xerces-1.2.0\src\org\apache\xerces\dom\DeferredEntityImpl.java,65.4,0.15,4.44,4,1.11,9,16,11.7,108.55,0.73,6.78
C:\Users\sherlock\Apach\xerces-1.2.0-src\xerces-1.2.0\src\org\w3c\dom\html\HTMLFieldSetElement.java,81.27,0.19,6.25,6,1.04,13,114,49.46,1468.47,0.43,12.88
C:\Users\sherlock\Apach\xerces-1.2.0-src\xerces-1.2.0\src\org\apache\wml\WMLFieldsetElement.java,97.54,0.22,35.1,37,0.95,32,38,34.08,1047.71,0.9,27.57
C:\Users\sherlock\Apach\xerces-1.2.0-src\xerces-1.2.0\src\org\apache\xerces\framework\Version.java,91.95,0.21,0,0,0,1,1,0,0,0,0
C:\Users\sherlock\Apach\xerces-1.2.0-src\xerces-1.2.0\src\org\apache\xerces\dom\DocumentFragmentImpl.java,81.97,0.19,2.61,2,1.31,7,114,31.23,1468.47,0.27,12.88
C:\Users\sherlock\Apach\xerces-1.2.0-src\xerces-1.2.0\src\org\apache\xerces\validators\common\CMNode.java,45.33,0.1,5.5,5,1.1,6,7,5.24,31.97,0.75,4.57
C:\Users\sherlock\Apach\xerces-1.2.0-src\xerces-1.2.0\src\org\apache\html\dom\HTMLScriptElementImpl.java,100.25,0.23,2.76,2,1.38,3,7,4.55,15.58,0.65,2.23
C:\Users\sherlock\Apach\xerces-1.2.0-src\xerces-1.2.0\src\org\w3c\dom\html\HTMLDListElement.java,75.69,0.17,11.62,12,0.97,24,114,39.17,1468.47,0.34,12.88
C:\Users\sherlock\Apach\xerces-1.2.0-src\xerces-1.2.0\src\org\apache\xerces\validators\common\XMLContentModel.java,89.23,0.2,4.54,4,1.14,5,5,3.56,16.03,0.71,3.21
C:\Users\sherlock\Apach\xerces-1.2.0-src\xerces-1.2.0\src\org\apache\xml\serialize\XMLSerializer.java,59.55,0.14,2.95,2,1.48,3,4,2.72,7.44,0.68,1.86
C:\Users\sherlock\Apach\xerces-1.2.0-src\xerces-1.2.0\src\org\apache\html\dom\HTMLFontElementImpl.java,105.58,0.24,17.85,20,0.89,30,43,32.59,901.5,0.76,20.97
C:\Users\sherlock\Apach\xerces-1.2.0-src\xerces-1.2.0\src\org\w3c\dom\CDATASection.java,84.26,0.19,19.07,21,0.91,24,114,47.88,1468.47,0.42,12.88
C:\Users\sherlock\Apach\xerces-1.2.0-src\xerces-1.2.0\src\org\apache\xerces\validators\datatype\IDDatatypeValidator.java,67.06,0.15,8.14,8,1.02,11,19,11.88,144.57,0.63,7.61
C:\Users\sherlock\Apach\xerces-1.2.0-src\xerces-1.2.0\src\org\apache\html\dom\HTMLTableCaptionElementImpl.java,106.11,0.24,26.46,27,0.98,30,43,34.89,901.5,0.81,20.97
C:\Users\sherlock\Apach\xerces-1.2.0-src\xerces-1.2.0\src\org\apache\xerces\validators\common\DFAContentModel.java,80.88,0.18,3.59,3,1.2,5,5,3.37,16.03,0.67,3.21
C:\Users\sherlock\Apach\xerces-1.2.0-src\xerces-1.2.0\src\org\apache\html\dom\HTMLLIElementImpl.java,116.91,0.27,29.93,31,0.97,29,43,36.18,901.5,0.84,20.97
C:\Users\sherlock\Apach\xerces-1.2.0-src\xerces-1.2.0\src\org\apache\wml\WMLOptionElement.java,96.96,0.22,25.77,27,0.95,32,38,32.02,1047.71,0.84,27.57
C:\Users\sherlock\Apach\xerces-1.2.0-src\xerces-1.2.0\src\org\apache\xerces\utils\ChunkyCharArray.java,57.84,0.13,3.5,3,1.17,3,10,5.16,31.24,0.52,3.12
C:\Users\sherlock\Apach\xerces-1.2.0-src\xerces-1.2.0\src\org\apache\html\dom\HTMLHRElementImpl.java,111.94,0.25,32.47,35,0.93,29,43,35.96,901.5,0.84,20.97
C:\Users\sherlock\Apach\xerces-1.2.0-src\xerces-1.2.0\src\org\apache\wml\dom\WMLAnchorElementImpl.java,88.29,0.2,35.65,35,1.02,36,36,34.72,1237.09,0.96,34.36
C:\Users\sherlock\Apach\xerces-1.2.0-src\xerces-1.2.0\src\org\apache\wml\WMLImgElement.java,80.22,0.18,10.92,11,0.99,33,38,27.15,1047.71,0.71,27.57
C:\Users\sherlock\Apach\xerces-1.2.0-src\xerces-1.2.0\src\org\w3c\dom\html\HTMLHRElement.java,88.45,0.2,25.87,28,0.92,23,114,43.52,1468.47,0.38,12.88
C:\Users\sherlock\Apach\xerces-1.2.0-src\xerces-1.2.0\src\org\apache\html\dom\HTMLTableRowElementImpl.java,69.12,0.16,3.67,3,1.22,3,7,4.75,15.58,0.68,2.23
C:\Users\sherlock\Apach\xerces-1.2.0-src\xerces-1.2.0\src\org\w3c\dom\html\HTMLButtonElement.java,100.05,0.23,11.61,12,0.97,21,114,50.03,1468.47,0.44,12.88
C:\Users\sherlock\Apach\xerces-1.2.0-src\xerces-1.2.0\src\org\apache\xerces\readers\XMLEntityReaderFactory.java,64.28,0.15,3.73,3,1.24,5,7,4.93,18.64,0.7,2.66
C:\Users\sherlock\Apach\xerces-1.2.0-src\xerces-1.2.0\src\org\apache\html\dom\HTMLTextAreaElementImpl.java,89.3,0.2,6.73,6,1.12,12,43,27.66,901.5,0.64,20.97
C:\Users\sherlock\Apach\xerces-1.2.0-src\xerces-1.2.0\src\org\apache\xerces\readers\EBCDICRecognizer.java,36.33,0.08,3.73,3,1.24,5,7,5.01,18.64,0.72,2.66
C:\Users\sherlock\Apach\xerces-1.2.0-src\xerces-1.2.0\src\org\apache\wml\WMLDoElement.java,107.63,0.25,32.61,35,0.93,31,38,33.15,1047.71,0.87,27.57
C:\Users\sherlock\Apach\xerces-1.2.0-src\xerces-1.2.0\src\org\apache\xerces\dom\DeferredDocumentTypeImpl.java,75.84,0.17,9.67,10,0.97,11,16,11.87,108.55,0.74,6.78
C:\Users\sherlock\Apach\xerces-1.2.0-src\xerces-1.2.0\src\org\w3c\dom\html\HTMLTableElement.java,100.55,0.23,2.92,2,1.46,3,3,1.92,5.76,0.64,1.92
C:\Users\sherlock\Apach\xerces-1.2.0-src\xerces-1.2.0\src\org\w3c\dom\html\HTMLTableCellElement.java,100.76,0.23,28.21,31,0.91,23,114,50.3,1468.47,0.44,12.88
C:\Users\sherlock\Apach\xerces-1.2.0-src\xerces-1.2.0\src\org\apache\wml\WMLRefreshElement.java,84.21,0.19,27.66,29,0.95,32,38,31.6,1047.71,0.83,27.57
C:\Users\sherlock\Apach\xerces-1.2.0-src\xerces-1.2.0\src\org\apache\xerces\validators\common\XMLValidator.java,87.64,0.2,0,0,0,1,1,0,0,0,0
C:\Users\sherlock\Apach\xerces-1.2.0-src\xerces-1.2.0\src\org\apache\html\dom\HTMLPreElementImpl.java,107.85,0.25,28.49,29,0.98,29,43,35.82,901.5,0.83,20.97
C:\Users\sherlock\Apach\xerces-1.2.0-src\xerces-1.2.0\src\org\apache\xerces\validators\common\MixedContentModel.java,60.91,0.14,4.67,4,1.17,4,5,3.67,16.03,0.73,3.21
C:\Users\sherlock\Apach\xerces-1.2.0-src\xerces-1.2.0\src\org\apache\wml\WMLBElement.java,93.14,0.21,32.98,34,0.97,32,38,34.37,1047.71,0.9,27.57
C:\Users\sherlock\Apach\xerces-1.2.0-src\xerces-1.2.0\src\org\apache\xml\serialize\BaseMarkupSerializer.java,72.33,0.16,3.73,3,1.24,3,4,2.73,7.44,0.68,1.86
C:\Users\sherlock\Apach\xerces-1.2.0-src\xerces-1.2.0\src\org\apache\xml\serialize\HTMLdtd.java,128.6,0.29,0,0,0,1,1,0,0,0,0
C:\Users\sherlock\Apach\xerces-1.2.0-src\xerces-1.2.0\src\org\apache\html\dom\HTMLTableSectionElementImpl.java,81.62,0.19,3.64,3,1.21,3,7,4.76,15.58,0.68,2.23
C:\Users\sherlock\Apach\xerces-1.2.0-src\xerces-1.2.0\src\org\apache\wml\dom\WMLEmElementImpl.java,91.45,0.21,35.57,35,1.02,36,36,34.58,1237.09,0.96,34.36
C:\Users\sherlock\Apach\xerces-1.2.0-src\xerces-1.2.0\src\org\apache\wml\WMLUElement.java,91.22,0.21,33.03,34,0.97,32,38,34.38,1047.71,0.9,27.57
C:\Users\sherlock\Apach\xerces-1.2.0-src\xerces-1.2.0\src\org\apache\xerces\dom\ProcessingInstructionImpl.java,103.89,0.24,0,0,0,1,1,0,0,0,0
C:\Users\sherlock\Apach\xerces-1.2.0-src\xerces-1.2.0\src\org\w3c\dom\html\HTMLHtmlElement.java,103.47,0.24,29.19,32,0.91,23,114,45.8,1468.47,0.4,12.88
C:\Users\sherlock\Apach\xerces-1.2.0-src\xerces-1.2.0\src\org\apache\xerces\dom\ElementNSImpl.java,77.13,0.18,2,1,2,2,2,1,2,0.5,1
C:\Users\sherlock\Apach\xerces-1.2.0-src\xerces-1.2.0\src\org\w3c\dom\html\HTMLScriptElement.java,105.88,0.24,22.76,25,0.91,23,114,44.58,1468.47,0.39,12.88
C:\Users\sherlock\Apach\xerces-1.2.0-src\xerces-1.2.0\src\org\apache\xerces\readers\XMLEntityReader.java,42.67,0.1,2.66,2,1.33,5,7,4.49,18.64,0.64,2.66
C:\Users\sherlock\Apach\xerces-1.2.0-src\xerces-1.2.0\src\org\apache\wml\dom\WMLTemplateElementImpl.java,85.98,0.2,35.59,35,1.02,36,36,34.62,1237.09,0.96,34.36
C:\Users\sherlock\Apach\xerces-1.2.0-src\xerces-1.2.0\src\org\w3c\dom\Document.java,84.61,0.19,27.51,29,0.95,24,114,52.96,1468.47,0.46,12.88
C:\Users\sherlock\Apach\xerces-1.2.0-src\xerces-1.2.0\src\org\apache\html\dom\HTMLElementImpl.java,139.59,0.32,0,0,0,1,1,0,0,0,0
C:\Users\sherlock\Apach\xerces-1.2.0-src\xerces-1.2.0\src\org\w3c\dom\html\HTMLPreElement.java,92.12,0.21,26.65,29,0.92,23,114,44.18,1468.47,0.39,12.88
C:\Users\sherlock\Apach\xerces-1.2.0-src\xerces-1.2.0\src\org\apache\html\dom\HTMLBodyElementImpl.java,115.89,0.26,27.51,30,0.92,29,43,35.09,901.5,0.82,20.97
C:\Users\sherlock\Apach\xerces-1.2.0-src\xerces-1.2.0\src\org\apache\xerces\utils\CharDataChunk.java,52.53,0.12,4.48,4,1.12,5,10,6.98,31.24,0.7,3.12
C:\Users\sherlock\Apach\xerces-1.2.0-src\xerces-1.2.0\src\org\apache\xerces\utils\SymbolCache.java,32.14,0.07,0,0,0,1,1,0,0,0,0
C:\Users\sherlock\Apach\xerces-1.2.0-src\xerces-1.2.0\src\org\apache\xerces\readers\UCSRecognizer.java,28.19,0.06,3.68,3,1.23,5,7,4.84,18.64,0.69,2.66
C:\Users\sherlock\Apach\xerces-1.2.0-src\xerces-1.2.0\src\org\xml\sax\AttributeList.java,100.3,0.23,3.77,3,1.26,3,30,17.15,273.06,0.57,9.1
C:\Users\sherlock\Apach\xerces-1.2.0-src\xerces-1.2.0\src\org\apache\wml\WMLPElement.java,90.86,0.21,25.26,26,0.97,32,38,32.62,1047.71,0.86,27.57
C:\Users\sherlock\Apach\xerces-1.2.0-src\xerces-1.2.0\src\org\w3c\dom\html\HTMLLegendElement.java,100.46,0.23,9.75,10,0.98,15,114,58.47,1468.47,0.51,12.88
C:\Users\sherlock\Apach\xerces-1.2.0-src\xerces-1.2.0\src\org\apache\xerces\validators\datatype\DoubleDatatypeValidator.java,52.96,0.12,11.23,11,1.02,10,19,13.45,144.57,0.71,7.61
C:\Users\sherlock\Apach\xerces-1.2.0-src\xerces-1.2.0\src\org\apache\html\dom\HTMLModElementImpl.java,107.48,0.24,26.37,28,0.94,29,43,34.45,901.5,0.8,20.97
C:\Users\sherlock\Apach\xerces-1.2.0-src\xerces-1.2.0\src\org\apache\wml\dom\WMLTrElementImpl.java,95.77,0.22,35.03,35,1,36,36,34.02,1237.09,0.95,34.36
C:\Users\sherlock\Apach\xerces-1.2.0-src\xerces-1.2.0\src\org\apache\xerces\utils\XMLCharacterProperties.java,73.94,0.17,4.26,4,1.06,6,7,4.72,26.61,0.67,3.8
C:\Users\sherlock\Apach\xerces-1.2.0-src\xerces-1.2.0\src\org\apache\wml\dom\WMLOneventElementImpl.java,92.72,0.21,35.55,35,1.02,36,36,34.55,1237.09,0.96,34.36
C:\Users\sherlock\Apach\xerces-1.2.0-src\xerces-1.2.0\src\org\w3c\dom\traversal\NodeIterator.java,87.82,0.2,9.74,10,0.97,24,114,49.38,1468.47,0.43,12.88
C:\Users\sherlock\Apach\xerces-1.2.0-src\xerces-1.2.0\src\org\apache\xerces\dom\EntityImpl.java,87.01,0.2,2.69,2,1.34,3,16,6.91,108.55,0.43,6.78
C:\Users\sherlock\Apach\xerces-1.2.0-src\xerces-1.2.0\src\org\w3c\dom\events\EventException.java,71.6,0.16,18.19,20,0.91,25,114,45.41,1468.47,0.4,12.88
C:\Users\sherlock\Apach\xerces-1.2.0-src\xerces-1.2.0\src\org\apache\xerces\dom\DeferredEntityReferenceImpl.java,69.46,0.16,2.79,2,1.39,10,16,10.16,108.55,0.64,6.78
C:\Users\sherlock\Apach\xerces-1.2.0-src\xerces-1.2.0\src\org\apache\wml\WMLSelectElement.java,88.51,0.2,19.4,21,0.92,32,38,28.58,1047.71,0.75,27.57
C:\Users\sherlock\Apach\xerces-1.2.0-src\xerces-1.2.0\src\org\w3c\dom\html\HTMLTableColElement.java,104.13,0.24,21.07,23,0.92,24,114,51.64,1468.47,0.45,12.88
C:\Users\sherlock\Apach\xerces-1.2.0-src\xerces-1.2.0\src\org\apache\xerces\msg\XMLMessages.java,70.38,0.16,0,0,0,1,1,0,0,0,0
C:\Users\sherlock\Apach\xerces-1.2.0-src\xerces-1.2.0\src\org\apache\xerces\validators\common\InsertableElementsInfo.java,77,0.18,3.63,3,1.21,5,5,3.43,16.03,0.69,3.21
C:\Users\sherlock\Apach\xerces-1.2.0-src\xerces-1.2.0\src\org\apache\wml\dom\WMLNoopElementImpl.java,95.86,0.22,34.97,35,1,36,36,34.02,1237.09,0.95,34.36
C:\Users\sherlock\Apach\xerces-1.2.0-src\xerces-1.2.0\src\org\xml\sax\XMLFilter.java,70.34,0.16,8.73,9,0.97,16,30,20.89,273.06,0.7,9.1
C:\Users\sherlock\Apach\xerces-1.2.0-src\xerces-1.2.0\src\org\apache\wml\dom\WMLAElementImpl.java,86.24,0.2,35.58,35,1.02,36,36,34.6,1237.09,0.96,34.36
C:\Users\sherlock\Apach\xerces-1.2.0-src\xerces-1.2.0\src\org\xml\sax\ext\DeclHandler.java,103.27,0.24,14.11,15,0.94,15,30,22.53,273.06,0.75,9.1
C:\Users\sherlock\Apach\xerces-1.2.0-src\xerces-1.2.0\src\org\apache\xerces\validators\schema\TraverseSchema.java,87.12,0.2,0,0,0,1,1,0,0,0,0
C:\Users\sherlock\Apach\xerces-1.2.0-src\xerces-1.2.0\src\org\xml\sax\ContentHandler.java,98.24,0.22,15.23,16,0.95,15,30,22.86,273.06,0.76,9.1
C:\Users\sherlock\Apach\xerces-1.2.0-src\xerces-1.2.0\src\org\w3c\dom\html\HTMLTextAreaElement.java,95.37,0.22,8.35,8,1.04,12,114,49.1,1468.47,0.43,12.88
C:\Users\sherlock\Apach\xerces-1.2.0-src\xerces-1.2.0\src\org\apache\xerces\validators\common\CMBinOp.java,28.81,0.07,5.56,5,1.11,6,7,5.33,31.97,0.76,4.57
C:\Users\sherlock\Apach\xerces-1.2.0-src\xerces-1.2.0\src\org\apache\wml\WMLPostfieldElement.java,98.84,0.23,28.82,30,0.96,33,38,32.44,1047.71,0.85,27.57
C:\Users\sherlock\Apach\xerces-1.2.0-src\xerces-1.2.0\src\org\w3c\dom\Node.java,84.57,0.19,26.68,29,0.92,24,114,53.43,1468.47,0.47,12.88
C:\Users\sherlock\Apach\xerces-1.2.0-src\xerces-1.2.0\src\org\apache\xerces\dom\DeferredCommentImpl.java,54.76,0.12,10.31,10,1.03,10,16,11.53,108.55,0.72,6.78
C:\Users\sherlock\Apach\xerces-1.2.0-src\xerces-1.2.0\src\org\apache\html\dom\HTMLMetaElementImpl.java,115.71,0.26,31.37,34,0.92,29,43,35.73,901.5,0.83,20.97
C:\Users\sherlock\Apach\xerces-1.2.0-src\xerces-1.2.0\src\org\w3c\dom\Entity.java,81.5,0.19,20.83,23,0.91,24,114,47.49,1468.47,0.42,12.88
C:\Users\sherlock\Apach\xerces-1.2.0-src\xerces-1.2.0\src\org\apache\html\dom\HTMLInputElementImpl.java,91.67,0.21,9.74,10,0.97,19,43,27.75,901.5,0.65,20.97
C:\Users\sherlock\Apach\xerces-1.2.0-src\xerces-1.2.0\src\org\apache\wml\dom\WMLInputElementImpl.java,76.04,0.17,34.92,35,1,36,36,33.87,1237.09,0.94,34.36
C:\Users\sherlock\Apach\xerces-1.2.0-src\xerces-1.2.0\src\org\apache\wml\dom\WMLHeadElementImpl.java,95.81,0.22,35.02,35,1,36,36,34.05,1237.09,0.95,34.36
C:\Users\sherlock\Apach\xerces-1.2.0-src\xerces-1.2.0\src\org\apache\html\dom\HTMLSelectElementImpl.java,77.41,0.18,0,0,0,1,1,0,0,0,0
C:\Users\sherlock\Apach\xerces-1.2.0-src\xerces-1.2.0\src\org\apache\wml\WMLInputElement.java,84.38,0.19,9.33,9,1.04,33,38,26.84,1047.71,0.71,27.57
C:\Users\sherlock\Apach\xerces-1.2.0-src\xerces-1.2.0\src\org\apache\xerces\jaxp\DocumentBuilderImpl.java,78.71,0.18,5.57,5,1.11,17,114,40.89,1468.47,0.36,12.88
C:\Users\sherlock\Apach\xerces-1.2.0-src\xerces-1.2.0\src\org\apache\xerces\dom\ElementDefinitionImpl.java,105.16,0.24,4.32,4,1.08,7,114,35.95,1468.47,0.32,12.88
C:\Users\sherlock\Apach\xerces-1.2.0-src\xerces-1.2.0\src\org\apache\xerces\utils\ImplementationMessages.java,62.11,0.14,4.55,4,1.14,5,5,3.55,18.4,0.71,3.68
C:\Users\sherlock\Apach\xerces-1.2.0-src\xerces-1.2.0\src\org\w3c\dom\html\HTMLTableCaptionElement.java,85.92,0.2,15.15,16,0.95,24,114,40.9,1468.47,0.36,12.88
C:\Users\sherlock\Apach\xerces-1.2.0-src\xerces-1.2.0\src\org\apache\xerces\msg\ExceptionMessages.java,48.04,0.11,3.91,3,1.3,4,4,2.91,11.78,0.73,2.94
C:\Users\sherlock\Apach\xerces-1.2.0-src\xerces-1.2.0\src\org\apache\wml\WMLTdElement.java,90.56,0.21,33.62,35,0.96,33,38,34.17,1047.71,0.9,27.57
C:\Users\sherlock\Apach\xerces-1.2.0-src\xerces-1.2.0\src\org\apache\html\dom\HTMLFrameSetElementImpl.java,111.58,0.25,30.11,31,0.97,29,43,36.34,901.5,0.85,20.97
C:\Users\sherlock\Apach\xerces-1.2.0-src\xerces-1.2.0\src\org\apache\wml\dom\WMLCardElementImpl.java,78.36,0.18,35.19,35,1.01,36,36,34.18,1237.09,0.95,34.36
C:\Users\sherlock\Apach\xerces-1.2.0-src\xerces-1.2.0\src\org\w3c\dom\Text.java,88.3,0.2,24.74,27,0.92,25,114,52.37,1468.47,0.46,12.88
C:\Users\sherlock\Apach\xerces-1.2.0-src\xerces-1.2.0\src\org\xml\sax\SAXParseException.java,77.42,0.18,2.7,2,1.35,6,30,19.06,273.06,0.64,9.1
C:\Users\sherlock\Apach\xerces-1.2.0-src\xerces-1.2.0\src\org\apache\wml\dom\WMLUElementImpl.java,91.53,0.21,35.58,35,1.02,36,36,34.57,1237.09,0.96,34.36
C:\Users\sherlock\Apach\xerces-1.2.0-src\xerces-1.2.0\src\org\w3c\dom\html\HTMLBaseElement.java,98.97,0.23,13.8,15,0.92,24,114,41.6,1468.47,0.36,12.88
C:\Users\sherlock\Apach\xerces-1.2.0-src\xerces-1.2.0\src\org\w3c\dom\html\HTMLOptionElement.java,93.86,0.21,9.05,9,1.01,13,114,52.8,1468.47,0.46,12.88
C:\Users\sherlock\Apach\xerces-1.2.0-src\xerces-1.2.0\src\org\apache\html\dom\HTMLBaseFontElementImpl.java,107.43,0.24,28.23,31,0.91,29,43,34.53,901.5,0.8,20.97
C:\Users\sherlock\Apach\xerces-1.2.0-src\xerces-1.2.0\src\org\apache\xml\serialize\HTMLSerializer.java,60.92,0.14,2.94,2,1.47,3,4,2.67,7.44,0.67,1.86
C:\Users\sherlock\Apach\xerces-1.2.0-src\xerces-1.2.0\src\org\apache\xerces\validators\common\CMLeaf.java,45.41,0.1,6.4,6,1.07,5,7,5.39,31.97,0.77,4.57
C:\Users\sherlock\Apach\xerces-1.2.0-src\xerces-1.2.0\src\org\apache\html\dom\HTMLLinkElementImpl.java,107.18,0.24,16.54,18,0.92,29,43,32.18,901.5,0.75,20.97
C:\Users\sherlock\Apach\xerces-1.2.0-src\xerces-1.2.0\src\org\apache\xerces\domx\XGrammarWriter.java,107.44,0.24,0,0,0,1,1,0,0,0,0
C:\Users\sherlock\Apach\xerces-1.2.0-src\xerces-1.2.0\src\org\w3c\dom\traversal\NodeFilter.java,82.37,0.19,4.66,4,1.16,11,114,43.69,1468.47,0.38,12.88
C:\Users\sherlock\Apach\xerces-1.2.0-src\xerces-1.2.0\src\org\apache\html\dom\HTMLOptionElementImpl.java,69.24,0.16,0,0,0,1,1,0,0,0,0
C:\Users\sherlock\Apach\xerces-1.2.0-src\xerces-1.2.0\src\org\apache\wml\WMLOptgroupElement.java,93.38,0.21,33.77,36,0.94,32,38,33.53,1047.71,0.88,27.57
C:\Users\sherlock\Apach\xerces-1.2.0-src\xerces-1.2.0\src\org\w3c\dom\Notation.java,90.32,0.21,7.66,8,0.96,23,114,47.5,1468.47,0.42,12.88
C:\Users\sherlock\Apach\xerces-1.2.0-src\xerces-1.2.0\src\org\apache\wml\WMLGoElement.java,104.81,0.24,27.88,30,0.93,32,38,31.6,1047.71,0.83,27.57
C:\Users\sherlock\Apach\xerces-1.2.0-src\xerces-1.2.0\src\org\apache\xerces\utils\ChunkyByteArray.java,51.01,0.12,2.78,2,1.39,4,10,6.5,31.24,0.65,3.12
C:\Users\sherlock\Apach\xerces-1.2.0-src\xerces-1.2.0\src\org\apache\wml\dom\WMLPrevElementImpl.java,95.65,0.22,35.03,35,1,36,36,34.02,1237.09,0.95,34.36
C:\Users\sherlock\Apach\xerces-1.2.0-src\xerces-1.2.0\src\org\apache\xerces\msg\ExceptionMessagesLocalizer.java,44.38,0.1,4.65,4,1.16,5,5,3.64,18.4,0.73,3.68
C:\Users\sherlock\Apach\xerces-1.2.0-src\xerces-1.2.0\src\org\apache\html\dom\HTMLParamElementImpl.java,120,0.27,32.34,35,0.92,28,43,36.04,901.5,0.84,20.97
C:\Users\sherlock\Apach\xerces-1.2.0-src\xerces-1.2.0\src\org\w3c\dom\html\HTMLLabelElement.java,93.69,0.21,8.38,8,1.05,12,114,52.92,1468.47,0.46,12.88
C:\Users\sherlock\Apach\xerces-1.2.0-src\xerces-1.2.0\src\org\apache\xerces\dom\CharacterDataImpl.java,75.07,0.17,1.82,1,1.82,2,2,0.83,1.66,0.41,0.83
C:\Users\sherlock\Apach\xerces-1.2.0-src\xerces-1.2.0\src\org\w3c\dom\html\HTMLInputElement.java,109.74,0.25,12.52,13,0.96,22,114,58.36,1468.47,0.51,12.88
C:\Users\sherlock\Apach\xerces-1.2.0-src\xerces-1.2.0\src\org\apache\xerces\utils\StringPool.java,26.56,0.06,5.49,5,1.1,5,10,7.21,31.24,0.72,3.12
C:\Users\sherlock\Apach\xerces-1.2.0-src\xerces-1.2.0\src\org\apache\xerces\jaxp\DocumentBuilderFactoryImpl.java,72.78,0.17,5.6,5,1.12,18,114,34.97,1468.47,0.31,12.88
C:\Users\sherlock\Apach\xerces-1.2.0-src\xerces-1.2.0\src\org\apache\xerces\readers\XMLCatalogHandler.java,68.73,0.16,1.91,1,1.91,7,32,14.36,275.66,0.45,8.61
C:\Users\sherlock\Apach\xerces-1.2.0-src\xerces-1.2.0\src\org\apache\xerces\msg\SchemaMessages.java,29.59,0.07,3.96,3,1.32,4,4,2.96,11.78,0.74,2.94
C:\Users\sherlock\Apach\xerces-1.2.0-src\xerces-1.2.0\src\org\apache\xerces\utils\regex\Token.java,27.13,0.06,3.84,3,1.28,4,4,2.83,11.25,0.71,2.81
C:\Users\sherlock\Apach\xerces-1.2.0-src\xerces-1.2.0\src\org\apache\xerces\parsers\SAXParser.java,96.5,0.22,4.39,4,1.1,16,30,18.36,273.06,0.61,9.1
C:\Users\sherlock\Apach\xerces-1.2.0-src\xerces-1.2.0\src\org\apache\xerces\validators\common\CMUniOp.java,41.08,0.09,6.44,6,1.07,5,7,5.41,31.97,0.77,4.57
C:\Users\sherlock\Apach\xerces-1.2.0-src\xerces-1.2.0\src\org\w3c\dom\DocumentType.java,83.45,0.19,25.86,28,0.92,24,114,49.55,1468.47,0.43,12.88
C:\Users\sherlock\Apach\xerces-1.2.0-src\xerces-1.2.0\src\org\apache\html\dom\HTMLTableElementImpl.java,66.43,0.15,4.37,4,1.09,4,7,4.58,15.58,0.65,2.23
C:\Users\sherlock\Apach\xerces-1.2.0-src\xerces-1.2.0\src\org\w3c\dom\range\Range.java,82.44,0.19,18.98,21,0.9,24,114,49.08,1468.47,0.43,12.88
C:\Users\sherlock\Apach\xerces-1.2.0-src\xerces-1.2.0\src\org\apache\wml\WMLAccessElement.java,110.16,0.25,31.34,33,0.95,29,38,33.15,1047.71,0.87,27.57
C:\Users\sherlock\Apach\xerces-1.2.0-src\xerces-1.2.0\src\org\apache\xerces\dom\DOMExceptionImpl.java,99.81,0.23,1.87,1,1.87,3,114,33.34,1468.47,0.29,12.88
C:\Users\sherlock\Apach\xerces-1.2.0-src\xerces-1.2.0\src\org\apache\xerces\utils\ISO8601Format.java,101.27,0.23,0,0,0,1,1,0,0,0,0
C:\Users\sherlock\Apach\xerces-1.2.0-src\xerces-1.2.0\src\org\apache\xerces\validators\datatype\BinaryDatatypeValidator.java,56.28,0.13,10.39,10,1.04,10,19,14.16,144.57,0.75,7.61
C:\Users\sherlock\Apach\xerces-1.2.0-src\xerces-1.2.0\src\org\apache\html\dom\HTMLBuilder.java,99.25,0.23,0,0,0,1,1,0,0,0,0
C:\Users\sherlock\Apach\xerces-1.2.0-src\xerces-1.2.0\src\org\apache\wml\dom\WMLSelectElementImpl.java,78.36,0.18,35.07,35,1,36,36,34.1,1237.09,0.95,34.36
C:\Users\sherlock\Apach\xerces-1.2.0-src\xerces-1.2.0\src\org\apache\html\dom\HTMLLegendElementImpl.java,75.78,0.17,6.43,6,1.07,12,43,25.13,901.5,0.58,20.97
C:\Users\sherlock\Apach\xerces-1.2.0-src\xerces-1.2.0\src\org\apache\xerces\validators\common\GrammarResolver.java,37.44,0.09,1.98,1,1.98,2,2,0.97,1.95,0.48,0.97
C:\Users\sherlock\Apach\xerces-1.2.0-src\xerces-1.2.0\src\org\w3c\dom\html\HTMLMenuElement.java,76.92,0.18,10.74,11,0.98,24,114,38.77,1468.47,0.34,12.88
C:\Users\sherlock\Apach\xerces-1.2.0-src\xerces-1.2.0\src\org\apache\html\dom\HTMLTableColElementImpl.java,99.31,0.23,1.83,1,1.83,2,7,3.48,15.58,0.5,2.23
C:\Users\sherlock\Apach\xerces-1.2.0-src\xerces-1.2.0\src\org\apache\xerces\validators\datatype\NOTATIONDatatypeValidator.java,70.21,0.16,8.28,8,1.03,11,19,12.5,144.57,0.66,7.61
C:\Users\sherlock\Apach\xerces-1.2.0-src\xerces-1.2.0\src\org\w3c\dom\Comment.java,91.64,0.21,22.91,25,0.92,24,114,55.91,1468.47,0.49,12.88
C:\Users\sherlock\Apach\xerces-1.2.0-src\xerces-1.2.0\src\org\apache\html\dom\HTMLMenuElementImpl.java,98.54,0.22,25.17,26,0.97,29,43,33.48,901.5,0.78,20.97
C:\Users\sherlock\Apach\xerces-1.2.0-src\xerces-1.2.0\src\org\apache\xerces\validators\datatype\StateMessageDatatype.java,41.78,0.1,4.31,4,1.08,6,19,8.21,144.57,0.43,7.61
C:\Users\sherlock\Apach\xerces-1.2.0-src\xerces-1.2.0\src\org\apache\html\dom\HTMLFormElementImpl.java,115.97,0.26,19.84,22,0.9,30,43,33.63,901.5,0.78,20.97
C:\Users\sherlock\Apach\xerces-1.2.0-src\xerces-1.2.0\src\org\apache\xml\serialize\IndentPrinter.java,57.45,0.13,0,0,0,1,1,0,0,0,0
C:\Users\sherlock\Apach\xerces-1.2.0-src\xerces-1.2.0\src\org\apache\xerces\dom\DeferredCDATASectionImpl.java,71.56,0.16,8.81,9,0.98,11,16,10.99,108.55,0.69,6.78
C:\Users\sherlock\Apach\xerces-1.2.0-src\xerces-1.2.0\src\org\apache\xml\serialize\DOMSerializer.java,95.62,0.22,0,0,0,1,1,0,0,0,0
C:\Users\sherlock\Apach\xerces-1.2.0-src\xerces-1.2.0\src\org\apache\wml\dom\WMLPostfieldElementImpl.java,89.55,0.2,35.64,35,1.02,36,36,34.63,1237.09,0.96,34.36
C:\Users\sherlock\Apach\xerces-1.2.0-src\xerces-1.2.0\src\org\apache\html\dom\HTMLQuoteElementImpl.java,104.55,0.24,26.03,27,0.96,29,43,34.22,901.5,0.8,20.97
C:\Users\sherlock\Apach\xerces-1.2.0-src\xerces-1.2.0\src\org\apache\xerces\validators\common\XMLAttributeDecl.java,71.11,0.16,1.96,1,1.96,2,2,0.96,1.92,0.48,0.96
C:\Users\sherlock\Apach\xerces-1.2.0-src\xerces-1.2.0\src\org\apache\xerces\validators\datatype\URIReferenceDatatypeValidator.java,46.64,0.11,9.48,9,1.05,9,19,13.04,144.57,0.69,7.61
C:\Users\sherlock\Apach\xerces-1.2.0-src\xerces-1.2.0\src\org\w3c\dom\html\HTMLElement.java,121.28,0.28,16.25,18,0.9,24,114,60.35,1468.47,0.53,12.88
C:\Users\sherlock\Apach\xerces-1.2.0-src\xerces-1.2.0\src\org\xml\sax\Parser.java,77,0.18,15.55,16,0.97,15,30,22.75,273.06,0.76,9.1
C:\Users\sherlock\Apach\xerces-1.2.0-src\xerces-1.2.0\src\org\apache\wml\dom\WMLDOMImplementationImpl.java,86.62,0.2,1.82,1,1.82,2,2,0.83,1.65,0.41,0.82
C:\Users\sherlock\Apach\xerces-1.2.0-src\xerces-1.2.0\src\org\w3c\dom\traversal\TreeWalker.java,74.74,0.17,6.31,6,1.05,11,114,44.76,1468.47,0.39,12.88
C:\Users\sherlock\Apach\xerces-1.2.0-src\xerces-1.2.0\src\org\w3c\dom\html\HTMLDirectoryElement.java,77.73,0.18,10.8,11,0.98,24,114,39.17,1468.47,0.34,12.88
C:\Users\sherlock\Apach\xerces-1.2.0-src\xerces-1.2.0\src\org\apache\xerces\utils\regex\RegexParser.java,27.69,0.06,3.82,3,1.27,4,4,2.81,11.25,0.7,2.81
C:\Users\sherlock\Apach\xerces-1.2.0-src\xerces-1.2.0\src\org\apache\wml\WMLDOMImplementation.java,88.58,0.2,27.51,29,0.95,32,38,31.34,1047.71,0.82,27.57
C:\Users\sherlock\Apach\xerces-1.2.0-src\xerces-1.2.0\src\org\xml\sax\EntityResolver.java,82.97,0.19,15.65,17,0.92,15,30,22.13,273.06,0.74,9.1
C:\Users\sherlock\Apach\xerces-1.2.0-src\xerces-1.2.0\src\org\apache\html\dom\HTMLHeadingElementImpl.java,104.06,0.24,25.41,26,0.98,29,43,34.16,901.5,0.79,20.97
C:\Users\sherlock\Apach\xerces-1.2.0-src\xerces-1.2.0\src\org\apache\xerces\readers\StringReader.java,32.73,0.07,4.79,4,1.2,5,7,5.36,26.61,0.77,3.8
C:\Users\sherlock\Apach\xerces-1.2.0-src\xerces-1.2.0\src\org\w3c\dom\html\HTMLDOMImplementation.java,79.72,0.18,23.82,26,0.92,24,114,50.26,1468.47,0.44,12.88
C:\Users\sherlock\Apach\xerces-1.2.0-src\xerces-1.2.0\src\org\apache\wml\WMLTimerElement.java,98.66,0.22,34.73,37,0.94,32,38,33.75,1047.71,0.89,27.57
C:\Users\sherlock\Apach\xerces-1.2.0-src\xerces-1.2.0\src\org\apache\wml\WMLHeadElement.java,89.01,0.2,30.29,31,0.98,32,38,33.47,1047.71,0.88,27.57
C:\Users\sherlock\Apach\xerces-1.2.0-src\xerces-1.2.0\src\org\apache\html\dom\HTMLFrameElementImpl.java,105.8,0.24,15.86,17,0.93,30,43,32.7,901.5,0.76,20.97
C:\Users\sherlock\Apach\xerces-1.2.0-src\xerces-1.2.0\src\org\apache\xerces\dom\DocumentImpl.java,116.43,0.27,4.38,4,1.09,6,114,40.27,1468.47,0.35,12.88
C:\Users\sherlock\Apach\xerces-1.2.0-src\xerces-1.2.0\src\org\apache\xerces\dom\DeferredAttrImpl.java,96.89,0.22,9.69,10,0.97,11,16,11.42,108.55,0.71,6.78
C:\Users\sherlock\Apach\xerces-1.2.0-src\xerces-1.2.0\src\org\apache\html\dom\HTMLStyleElementImpl.java,111.6,0.25,29.26,31,0.94,29,43,35.54,901.5,0.83,20.97
C:\Users\sherlock\Apach\xerces-1.2.0-src\xerces-1.2.0\src\org\apache\xerces\readers\UCSReader.java,28.86,0.07,5.62,5,1.12,5,7,5.35,26.61,0.76,3.8
C:\Users\sherlock\Apach\xerces-1.2.0-src\xerces-1.2.0\src\org\xml\sax\helpers\ParserFactory.java,69.04,0.16,14.24,15,0.95,16,30,22.29,273.06,0.74,9.1
C:\Users\sherlock\Apach\xerces-1.2.0-src\xerces-1.2.0\src\org\w3c\dom\html\HTMLAppletElement.java,95.38,0.22,27.62,30,0.92,23,114,46.57,1468.47,0.41,12.88
C:\Users\sherlock\Apach\xerces-1.2.0-src\xerces-1.2.0\src\org\apache\html\dom\HTMLMapElementImpl.java,107.85,0.25,27.09,28,0.97,29,43,34.85,901.5,0.81,20.97
C:\Users\sherlock\Apach\xerces-1.2.0-src\xerces-1.2.0\src\org\xml\sax\Locator.java,87.89,0.2,6.7,7,0.96,8,30,20.08,273.06,0.67,9.1
C:\Users\sherlock\Apach\xerces-1.2.0-src\xerces-1.2.0\src\org\w3c\dom\ProcessingInstruction.java,100.64,0.23,0,0,0,1,1,0,0,0,0
C:\Users\sherlock\Apach\xerces-1.2.0-src\xerces-1.2.0\src\org\apache\xerces\validators\datatype\InvalidDatatypeFacetException.java,61.17,0.14,2.82,2,1.41,3,3,1.82,5.27,0.61,1.76
C:\Users\sherlock\Apach\xerces-1.2.0-src\xerces-1.2.0\src\org\w3c\dom\html\HTMLAreaElement.java,102.28,0.23,25.18,28,0.9,22,114,51.18,1468.47,0.45,12.88
C:\Users\sherlock\Apach\xerces-1.2.0-src\xerces-1.2.0\src\org\apache\xerces\dom\NodeImpl.java,102.07,0.23,6.06,6,1.01,8,114,38.17,1468.47,0.33,12.88
C:\Users\sherlock\Apach\xerces-1.2.0-src\xerces-1.2.0\src\org\apache\xerces\dom\DeferredElementImpl.java,77.98,0.18,10.26,10,1.03,11,16,11.84,108.55,0.74,6.78
C:\Users\sherlock\Apach\xerces-1.2.0-src\xerces-1.2.0\src\org\apache\xerces\dom\CDATASectionImpl.java,92.98,0.21,1.87,1,1.87,2,114,26.28,1468.47,0.23,12.88
C:\Users\sherlock\Apach\xerces-1.2.0-src\xerces-1.2.0\src\org\apache\html\dom\HTMLHeadElementImpl.java,106.76,0.24,27.58,28,0.98,29,43,35.22,901.5,0.82,20.97
C:\Users\sherlock\Apach\xerces-1.2.0-src\xerces-1.2.0\src\org\xml\sax\DocumentHandler.java,86.96,0.2,15.25,16,0.95,15,30,22.71,273.06,0.76,9.1
C:\Users\sherlock\Apach\xerces-1.2.0-src\xerces-1.2.0\src\org\apache\xerces\dom\DeferredNotationImpl.java,71.27,0.16,10.79,11,0.98,11,16,11.95,108.55,0.75,6.78
C:\Users\sherlock\Apach\xerces-1.2.0-src\xerces-1.2.0\src\org\xml\sax\DTDHandler.java,83.98,0.19,11.96,13,0.92,16,30,21.29,273.06,0.71,9.1
C:\Users\sherlock\Apach\xerces-1.2.0-src\xerces-1.2.0\src\org\apache\wml\WMLEmElement.java,93.01,0.21,33.01,34,0.97,32,38,34.4,1047.71,0.91,27.57
C:\Users\sherlock\Apach\xerces-1.2.0-src\xerces-1.2.0\src\org\apache\xerces\validators\datatype\DecimalDatatypeValidator.java,54.8,0.12,11.22,11,1.02,9,19,13.28,144.57,0.7,7.61
C:\Users\sherlock\Apach\xerces-1.2.0-src\xerces-1.2.0\src\org\w3c\dom\html\HTMLOptGroupElement.java,81.54,0.19,4.28,4,1.07,20,114,39.32,1468.47,0.34,12.88
C:\Users\sherlock\Apach\xerces-1.2.0-src\xerces-1.2.0\src\org\apache\xerces\dom\CommentImpl.java,90.25,0.21,5.18,5,1.04,5,114,30.86,1468.47,0.27,12.88
C:\Users\sherlock\Apach\xerces-1.2.0-src\xerces-1.2.0\src\org\apache\xerces\dom\DeferredTextImpl.java,74.91,0.17,10,10,1,11,16,11.56,108.55,0.72,6.78
C:\Users\sherlock\Apach\xerces-1.2.0-src\xerces-1.2.0\src\org\apache\wml\dom\WMLImgElementImpl.java,79,0.18,34.9,35,1,36,36,33.86,1237.09,0.94,34.36
C:\Users\sherlock\Apach\xerces-1.2.0-src\xerces-1.2.0\src\org\apache\wml\dom\WMLTableElementImpl.java,83.29,0.19,35.49,35,1.01,36,36,34.52,1237.09,0.96,34.36
C:\Users\sherlock\Apach\xerces-1.2.0-src\xerces-1.2.0\src\javax\xml\parsers\FactoryConfigurationError.java,79.35,0.18,5.48,5,1.1,18,114,36.46,1468.47,0.32,12.88
C:\Users\sherlock\Apach\xerces-1.2.0-src\xerces-1.2.0\src\org\w3c\dom\html\HTMLParamElement.java,119.19,0.27,10.37,11,0.94,21,114,61.7,1468.47,0.54,12.88
C:\Users\sherlock\Apach\xerces-1.2.0-src\xerces-1.2.0\src\org\apache\html\dom\HTMLImageElementImpl.java,98.79,0.23,10.91,11,0.99,19,43,29.74,901.5,0.69,20.97
C:\Users\sherlock\Apach\xerces-1.2.0-src\xerces-1.2.0\src\org\xml\sax\helpers\XMLReaderAdapter.java,79.84,0.18,14.74,15,0.98,16,30,23.17,273.06,0.77,9.1
C:\Users\sherlock\Apach\xerces-1.2.0-src\xerces-1.2.0\src\org\apache\xerces\dom\LCount.java,77.85,0.18,0,0,0,1,1,0,0,0,0
C:\Users\sherlock\Apach\xerces-1.2.0-src\xerces-1.2.0\src\org\w3c\dom\DocumentFragment.java,74.55,0.17,25.1,27,0.93,24,114,49.6,1468.47,0.44,12.88
C:\Users\sherlock\Apach\xerces-1.2.0-src\xerces-1.2.0\src\org\apache\xerces\readers\UTF8CharReader.java,15.84,0.04,2.81,2,1.4,2,3,1.82,3.64,0.61,1.21
C:\Users\sherlock\Apach\xerces-1.2.0-src\xerces-1.2.0\src\org\apache\html\dom\HTMLTableCellElementImpl.java,92.25,0.21,3.58,3,1.19,4,7,4.76,15.58,0.68,2.23
C:\Users\sherlock\Apach\xerces-1.2.0-src\xerces-1.2.0\src\org\apache\wml\WMLWmlElement.java,89.35,0.2,33,34,0.97,32,38,34.4,1047.71,0.91,27.57
C:\Users\sherlock\Apach\xerces-1.2.0-src\xerces-1.2.0\src\org\apache\xml\serialize\Serializer.java,63.34,0.14,4.65,4,1.16,5,5,3.64,17.88,0.73,3.58
C:\Users\sherlock\Apach\xerces-1.2.0-src\xerces-1.2.0\src\org\apache\xerces\utils\XMLMessageProvider.java,38,0.09,4.7,4,1.17,5,5,3.69,18.4,0.74,3.68
C:\Users\sherlock\Apach\xerces-1.2.0-src\xerces-1.2.0\src\org\apache\xerces\utils\regex\ParserForXMLSchema.java,27.08,0.06,3.85,3,1.28,4,4,2.84,11.25,0.71,2.81
C:\Users\sherlock\Apach\xerces-1.2.0-src\xerces-1.2.0\src\org\xml\sax\ErrorHandler.java,73.27,0.17,16.28,17,0.96,15,30,22.85,273.06,0.76,9.1
C:\Users\sherlock\Apach\xerces-1.2.0-src\xerces-1.2.0\src\org\apache\xerces\utils\regex\BMPattern.java,40.29,0.09,0,0,0,2,7,4.45,26.61,0.64,3.8
C:\Users\sherlock\Apach\xerces-1.2.0-src\xerces-1.2.0\src\org\apache\wml\WMLAElement.java,104.76,0.24,33.04,35,0.94,32,38,33.62,1047.71,0.88,27.57
C:\Users\sherlock\Apach\xerces-1.2.0-src\xerces-1.2.0\src\org\apache\wml\dom\WMLElementImpl.java,103.87,0.24,32.7,35,0.93,36,36,31.65,1237.09,0.88,34.36
C:\Users\sherlock\Apach\xerces-1.2.0-src\xerces-1.2.0\src\org\apache\xerces\validators\datatype\FloatDatatypeValidator.java,53.05,0.12,11.18,11,1.02,10,19,13.58,144.57,0.71,7.61
C:\Users\sherlock\Apach\xerces-1.2.0-src\xerces-1.2.0\src\org\apache\wml\WMLBrElement.java,97.12,0.22,32.36,33,0.98,32,38,34.38,1047.71,0.9,27.57
C:\Users\sherlock\Apach\xerces-1.2.0-src\xerces-1.2.0\src\org\apache\html\dom\NameNodeListImpl.java,62.55,0.14,0,0,0,1,1,0,0,0,0
C:\Users\sherlock\Apach\xerces-1.2.0-src\xerces-1.2.0\src\org\xml\sax\helpers\NamespaceSupport.java,96.95,0.22,0,0,0,1,1,0,0,0,0
C:\Users\sherlock\Apach\xerces-1.2.0-src\xerces-1.2.0\src\org\w3c\dom\events\MutationEvent.java,76.88,0.18,25.05,27,0.93,24,114,49.6,1468.47,0.44,12.88
C:\Users\sherlock\Apach\xerces-1.2.0-src\xerces-1.2.0\src\org\apache\xml\serialize\SerializerFactory.java,50.3,0.11,4.59,4,1.15,5,5,3.58,17.88,0.72,3.58
C:\Users\sherlock\Apach\xerces-1.2.0-src\xerces-1.2.0\src\org\apache\wml\WMLElement.java,108.68,0.25,33.68,35,0.96,32,38,34.17,1047.71,0.9,27.57
C:\Users\sherlock\Apach\xerces-1.2.0-src\xerces-1.2.0\src\org\apache\xerces\validators\datatype\ENTITYDatatypeValidator.java,74.09,0.17,4.65,4,1.16,6,19,11.03,144.57,0.58,7.61
C:\Users\sherlock\Apach\xerces-1.2.0-src\xerces-1.2.0\src\org\apache\xerces\validators\schema\EquivClassComparator.java,56.22,0.13,2.69,2,1.34,2,2,0.88,1.77,0.44,0.89
C:\Users\sherlock\Apach\xerces-1.2.0-src\xerces-1.2.0\src\org\w3c\dom\html\HTMLOListElement.java,85.83,0.2,23.68,26,0.91,24,114,42.73,1468.47,0.37,12.88
C:\Users\sherlock\Apach\xerces-1.2.0-src\xerces-1.2.0\src\org\apache\xerces\dom\NodeIteratorImpl.java,53.65,0.12,7.1,7,1.01,11,114,23.84,1468.47,0.21,12.88
C:\Users\sherlock\Apach\xerces-1.2.0-src\xerces-1.2.0\src\org\apache\wml\dom\WMLGoElementImpl.java,84.51,0.19,35.47,35,1.01,36,36,34.58,1237.09,0.96,34.36
C:\Users\sherlock\Apach\xerces-1.2.0-src\xerces-1.2.0\src\org\apache\xerces\dom\DeferredProcessingInstructionImpl.java,51.14,0.12,10.2,10,1.02,11,16,11.35,108.55,0.71,6.78
C:\Users\sherlock\Apach\xerces-1.2.0-src\xerces-1.2.0\src\org\w3c\dom\html\HTMLIsIndexElement.java,105.75,0.24,12.36,13,0.95,19,114,57.97,1468.47,0.51,12.88
C:\Users\sherlock\Apach\xerces-1.2.0-src\xerces-1.2.0\src\org\apache\wml\dom\WMLMetaElementImpl.java,81.76,0.19,35.29,35,1.01,36,36,34.26,1237.09,0.95,34.36
C:\Users\sherlock\Apach\xerces-1.2.0-src\xerces-1.2.0\src\org\apache\xerces\readers\AbstractCharReader.java,42.34,0.1,6.4,6,1.07,5,7,5.38,26.61,0.77,3.8
